# WaveFront *.obj file (generated by Autodesk ATF)

mtllib vanguardMarine.mtl

g Body1

v -0.000000 -1.500000 -2.000000
v -0.000000 -1.500000 -3.000000
v 5.000000 -1.500000 -3.000000
v 5.000000 -1.500000 -2.000000
v -0.000000 -0.500000 -3.000000
v -0.000000 -0.500000 -2.000000
v 5.000000 -0.500000 -2.000000
v 5.000000 -0.500000 -3.000000
vt 0.000000 2.000000 0.000000
vt -1.000000 2.000000 0.000000
vt 0.000000 -3.000000 0.000000
vt -1.000000 -3.000000 0.000000
vt 1.000000 -2.000000 0.000000
vt -0.000000 -2.000000 0.000000
vt 1.000000 -7.000000 0.000000
vt 0.000000 -7.000000 0.000000
vt 2.000000 3.500000 0.000000
vt 7.000000 3.500000 0.000000
vt 2.000000 4.500000 0.000000
vt 7.000000 4.500000 0.000000
vt 0.000000 -1.500000 0.000000
vt 1.000000 -1.500000 0.000000
vt 0.000000 -0.500000 0.000000
vt 1.000000 -0.500000 0.000000
vt -1.000000 3.500000 0.000000
vt 0.000000 3.500000 0.000000
vt -1.000000 4.500000 0.000000
vt 0.000000 4.500000 0.000000
vt 1.000000 3.000000 0.000000
vt -0.000000 3.000000 0.000000
vt 1.000000 -2.000000 0.000000
vt -0.000000 -2.000000 0.000000
vn 0.000000 -1.000000 -0.000000
vn 0.000000 -1.000000 -0.000000
vn 0.000000 -1.000000 -0.000000
vn 0.000000 -1.000000 -0.000000
vn -0.000000 1.000000 0.000000
vn -0.000000 1.000000 0.000000
vn -0.000000 1.000000 0.000000
vn -0.000000 1.000000 0.000000
vn 0.000000 0.000000 -1.000000
vn 0.000000 0.000000 -1.000000
vn 0.000000 0.000000 -1.000000
vn 0.000000 0.000000 -1.000000
vn -1.000000 -0.000000 -0.000000
vn -1.000000 -0.000000 -0.000000
vn -1.000000 -0.000000 -0.000000
vn -1.000000 -0.000000 -0.000000
vn 1.000000 0.000000 0.000000
vn 1.000000 0.000000 0.000000
vn 1.000000 0.000000 0.000000
vn 1.000000 0.000000 0.000000
vn 0.000000 -0.000000 1.000000
vn 0.000000 -0.000000 1.000000
vn 0.000000 -0.000000 1.000000
vn 0.000000 -0.000000 1.000000
usemtl Plastic_-_Matte_(Black)
f 1/1/1 2/2/2 4/3/3
f 4/3/3 2/2/2 3/4/4
f 5/5/5 6/6/6 8/7/7
f 8/7/7 6/6/6 7/8/8
f 5/9/9 8/10/10 2/11/11
f 2/11/11 8/10/10 3/12/12
f 6/13/13 5/14/14 1/15/15
f 1/15/15 5/14/14 2/16/16
f 8/17/17 7/18/18 3/19/19
f 3/19/19 7/18/18 4/20/20
f 4/21/21 7/22/22 1/23/23
f 1/23/23 7/22/22 6/24/24
g Body2

v -0.000000 -2.000000 -2.000000
v -0.000000 -2.000000 2.000000
v -0.329189 -2.000000 -1.972723
v -0.649399 -2.000000 -1.891634
v -0.951895 -2.000000 -1.758948
v -1.228425 -2.000000 -1.578281
v -1.471448 -2.000000 -1.354563
v -1.674333 -2.000000 -1.093896
v -1.831547 -2.000000 -0.803391
v -1.938801 -2.000000 -0.490971
v -1.993169 -2.000000 -0.165159
v -1.993169 -2.000000 0.165159
v -1.938801 -2.000000 0.490971
v -1.831547 -2.000000 0.803391
v -1.674333 -2.000000 1.093896
v -1.471448 -2.000000 1.354563
v -1.228425 -2.000000 1.578281
v -0.951895 -2.000000 1.758948
v -0.649399 -2.000000 1.891634
v -0.329189 -2.000000 1.972723
v 0.329189 -2.000000 1.972723
v 0.649399 -2.000000 1.891634
v 0.951895 -2.000000 1.758948
v 1.228425 -2.000000 1.578281
v 1.471448 -2.000000 1.354563
v 1.674333 -2.000000 1.093896
v 1.831547 -2.000000 0.803391
v 1.938801 -2.000000 0.490971
v 1.993169 -2.000000 0.165159
v 1.993169 -2.000000 -0.165159
v 1.938801 -2.000000 -0.490971
v 1.831547 -2.000000 -0.803391
v 1.674333 -2.000000 -1.093896
v 1.471448 -2.000000 -1.354563
v 1.228425 -2.000000 -1.578281
v 0.951895 -2.000000 -1.758948
v 0.649399 -2.000000 -1.891634
v 0.329189 -2.000000 -1.972723
v 0.324699 -1.945817 -1.972723
v 0.640542 -1.893112 -1.891634
v 0.938912 -1.843323 -1.758948
v 1.211671 -1.797808 -1.578281
v 1.451379 -1.757808 -1.354563
v 1.651497 -1.724414 -1.093896
v 1.806567 -1.698537 -0.803391
v 1.912358 -1.680884 -0.490971
v 1.965985 -1.671935 -0.165159
v 1.965985 -1.671935 0.165159
v 1.912358 -1.680884 0.490971
v 1.806567 -1.698537 0.803391
v 1.651497 -1.724414 1.093896
v 1.451379 -1.757808 1.354563
v 1.211671 -1.797808 1.578281
v 0.938912 -1.843323 1.758948
v 0.640542 -1.893112 1.891634
v 0.324699 -1.945817 1.972723
v 0.324699 -2.054183 1.972723
v 0.640542 -2.106888 1.891634
v 0.938912 -2.156677 1.758948
v 1.211671 -2.202192 1.578281
v 1.451379 -2.242192 1.354563
v 1.651497 -2.275586 1.093896
v 1.806567 -2.301463 0.803391
v 1.912358 -2.319116 0.490971
v 1.965985 -2.328065 0.165159
v 1.965985 -2.328065 -0.165159
v 1.912358 -2.319116 -0.490971
v 1.806567 -2.301463 -0.803391
v 1.651497 -2.275586 -1.093896
v 1.451379 -2.242192 -1.354563
v 1.211671 -2.202192 -1.578281
v 0.938912 -2.156677 -1.758948
v 0.640542 -2.106888 -1.891634
v 0.324699 -2.054183 -1.972723
v -0.324699 -2.054183 -1.972723
v -0.640542 -2.106888 -1.891634
v -0.938912 -2.156677 -1.758948
v -1.211671 -2.202192 -1.578281
v -1.451379 -2.242192 -1.354563
v -1.651497 -2.275586 -1.093896
v -1.806567 -2.301463 -0.803391
v -1.912358 -2.319116 -0.490971
v -1.965985 -2.328065 -0.165159
v -1.965985 -2.328065 0.165159
v -1.912358 -2.319116 0.490971
v -1.806567 -2.301463 0.803391
v -1.651497 -2.275586 1.093896
v -1.451379 -2.242192 1.354563
v -1.211671 -2.202192 1.578281
v -0.938912 -2.156677 1.758948
v -0.640542 -2.106888 1.891634
v -0.324699 -2.054183 1.972723
v -0.324699 -1.945817 1.972723
v -0.640542 -1.893112 1.891634
v -0.938912 -1.843323 1.758948
v -1.211671 -1.797808 1.578281
v -1.451379 -1.757808 1.354563
v -1.651497 -1.724414 1.093896
v -1.806567 -1.698537 0.803391
v -1.912358 -1.680884 0.490971
v -1.965985 -1.671935 0.165159
v -1.965985 -1.671935 -0.165159
v -1.912358 -1.680884 -0.490971
v -1.806567 -1.698537 -0.803391
v -1.651497 -1.724414 -1.093896
v -1.451379 -1.757808 -1.354563
v -1.211671 -1.797808 -1.578281
v -0.938912 -1.843323 -1.758948
v -0.640542 -1.893112 -1.891634
v -0.324699 -1.945817 -1.972723
v -0.311353 -1.893112 1.972723
v -0.614213 -1.789141 1.891634
v -0.900319 -1.690920 1.758948
v -1.161866 -1.601131 1.578281
v -1.391721 -1.522222 1.354563
v -1.583613 -1.456345 1.093896
v -1.732308 -1.405298 0.803391
v -1.833751 -1.370472 0.490971
v -1.885174 -1.352819 0.165159
v -1.885174 -1.352819 -0.165159
v -1.833751 -1.370472 -0.490971
v -1.732308 -1.405298 -0.803391
v -1.583613 -1.456345 -1.093896
v -1.391721 -1.522222 -1.354563
v -1.161866 -1.601131 -1.578281
v -0.900319 -1.690920 -1.758948
v -0.614213 -1.789141 -1.891634
v -0.311353 -1.893112 -1.972723
v -0.289513 -1.843323 1.972723
v -0.571129 -1.690920 1.891634
v -0.837166 -1.546948 1.758948
v -1.080368 -1.415334 1.578281
v -1.294100 -1.299668 1.354563
v -1.472532 -1.203106 1.093896
v -1.610797 -1.128280 0.803391
v -1.705124 -1.077233 0.490971
v -1.752940 -1.051356 0.165159
v -1.752940 -1.051356 -0.165159
v -1.705124 -1.077233 -0.490971
v -1.610797 -1.128280 -0.803391
v -1.472532 -1.203106 -1.093896
v -1.294100 -1.299668 -1.354563
v -1.080368 -1.415334 -1.578281
v -0.837166 -1.546948 -1.758948
v -0.571129 -1.690920 -1.891634
v -0.289513 -1.843323 -1.972723
v -0.259777 -1.797808 1.972723
v -0.512467 -1.601131 1.891634
v -0.751179 -1.415334 1.758948
v -0.969400 -1.245485 1.578281
v -1.161179 -1.096218 1.354563
v -1.321284 -0.971603 1.093896
v -1.445348 -0.875041 0.803391
v -1.529986 -0.809164 0.490971
v -1.572890 -0.775770 0.165159
v -1.572890 -0.775770 -0.165159
v -1.529986 -0.809164 -0.490971
v -1.445348 -0.875041 -0.803391
v -1.321284 -0.971603 -1.093896
v -1.161179 -1.096218 -1.354563
v -0.969400 -1.245485 -1.578281
v -0.751179 -1.415334 -1.758948
v -0.512467 -1.601131 -1.891634
v -0.259777 -1.797808 -1.972723
v -0.222954 -1.757808 1.972723
v -0.439826 -1.522222 1.891634
v -0.644701 -1.299668 1.758948
v -0.831990 -1.096218 1.578281
v -0.996584 -0.917421 1.354563
v -1.133995 -0.768153 1.093896
v -1.240473 -0.652487 0.803391
v -1.313114 -0.573578 0.490971
v -1.349937 -0.533578 0.165159
v -1.349937 -0.533578 -0.165159
v -1.313114 -0.573578 -0.490971
v -1.240473 -0.652487 -0.803391
v -1.133995 -0.768153 -1.093896
v -0.996584 -0.917421 -1.354563
v -0.831990 -1.096218 -1.578281
v -0.644701 -1.299668 -1.758948
v -0.439826 -1.522222 -1.891634
v -0.222954 -1.757808 -1.972723
v -0.180049 -1.724414 1.972723
v -0.355188 -1.456345 1.891634
v -0.520637 -1.203106 1.758948
v -0.671885 -0.971603 1.578281
v -0.804806 -0.768153 1.354563
v -0.915773 -0.598305 1.093896
v -1.001761 -0.466691 0.803391
v -1.060423 -0.376901 0.490971
v -1.090160 -0.331386 0.165159
v -1.090160 -0.331386 -0.165159
v -1.060423 -0.376901 -0.490971
v -1.001761 -0.466691 -0.803391
v -0.915773 -0.598305 -1.093896
v -0.804806 -0.768153 -1.354563
v -0.671885 -0.971603 -1.578281
v -0.520637 -1.203106 -1.758948
v -0.355188 -1.456345 -1.891634
v -0.180049 -1.724414 -1.972723
v -0.132234 -1.698537 1.972723
v -0.260861 -1.405298 1.891634
v -0.382372 -1.128280 1.758948
v -0.493453 -0.875041 1.578281
v -0.591074 -0.652487 1.354563
v -0.672572 -0.466691 1.093896
v -0.735724 -0.322718 0.803391
v -0.778807 -0.224498 0.490971
v -0.800647 -0.174709 0.165159
v -0.800647 -0.174709 -0.165159
v -0.778807 -0.224498 -0.490971
v -0.735724 -0.322718 -0.803391
v -0.672572 -0.466691 -1.093896
v -0.591074 -0.652487 -1.354563
v -0.493453 -0.875041 -1.578281
v -0.382372 -1.128280 -1.758948
v -0.260861 -1.405298 -1.891634
v -0.132234 -1.698537 -1.972723
v -0.080811 -1.680884 1.972723
v -0.159418 -1.370472 1.891634
v -0.233676 -1.077233 1.758948
v -0.301561 -0.809164 1.578281
v -0.361219 -0.573578 1.354563
v -0.411024 -0.376901 1.093896
v -0.449618 -0.224498 0.803391
v -0.475947 -0.120526 0.490971
v -0.489294 -0.067821 0.165159
v -0.489294 -0.067821 -0.165159
v -0.475947 -0.120526 -0.490971
v -0.449618 -0.224498 -0.803391
v -0.411024 -0.376901 -1.093896
v -0.361219 -0.573578 -1.354563
v -0.301561 -0.809164 -1.578281
v -0.233676 -1.077233 -1.758948
v -0.159418 -1.370472 -1.891634
v -0.080811 -1.680884 -1.972723
v -0.027184 -1.671935 1.972723
v -0.053627 -1.352819 1.891634
v -0.078607 -1.051356 1.758948
v -0.101443 -0.775770 1.578281
v -0.121511 -0.533578 1.354563
v -0.138265 -0.331386 1.093896
v -0.151248 -0.174709 0.803391
v -0.160105 -0.067821 0.490971
v -0.164595 -0.013639 0.165159
v -0.164595 -0.013639 -0.165159
v -0.160105 -0.067821 -0.490971
v -0.151248 -0.174709 -0.803391
v -0.138265 -0.331386 -1.093896
v -0.121511 -0.533578 -1.354563
v -0.101443 -0.775770 -1.578281
v -0.078607 -1.051356 -1.758948
v -0.053627 -1.352819 -1.891634
v -0.027184 -1.671935 -1.972723
v 0.027184 -1.671935 1.972723
v 0.053627 -1.352819 1.891634
v 0.078607 -1.051356 1.758948
v 0.101443 -0.775770 1.578281
v 0.121511 -0.533578 1.354563
v 0.138265 -0.331386 1.093896
v 0.151248 -0.174709 0.803391
v 0.160105 -0.067821 0.490971
v 0.164595 -0.013639 0.165159
v 0.164595 -0.013639 -0.165159
v 0.160105 -0.067821 -0.490971
v 0.151248 -0.174709 -0.803391
v 0.138265 -0.331386 -1.093896
v 0.121511 -0.533578 -1.354563
v 0.101443 -0.775770 -1.578281
v 0.078607 -1.051356 -1.758948
v 0.053627 -1.352819 -1.891634
v 0.027184 -1.671935 -1.972723
v 0.080811 -1.680884 1.972723
v 0.159418 -1.370472 1.891634
v 0.233676 -1.077233 1.758948
v 0.301561 -0.809164 1.578281
v 0.361219 -0.573578 1.354563
v 0.411024 -0.376901 1.093896
v 0.449618 -0.224498 0.803391
v 0.475947 -0.120526 0.490971
v 0.489294 -0.067821 0.165159
v 0.489294 -0.067821 -0.165159
v 0.475947 -0.120526 -0.490971
v 0.449618 -0.224498 -0.803391
v 0.411024 -0.376901 -1.093896
v 0.361219 -0.573578 -1.354563
v 0.301561 -0.809164 -1.578281
v 0.233676 -1.077233 -1.758948
v 0.159418 -1.370472 -1.891634
v 0.080811 -1.680884 -1.972723
v 0.132234 -1.698537 1.972723
v 0.260861 -1.405298 1.891634
v 0.382372 -1.128280 1.758948
v 0.493453 -0.875041 1.578281
v 0.591074 -0.652487 1.354563
v 0.672572 -0.466691 1.093896
v 0.735724 -0.322718 0.803391
v 0.778807 -0.224498 0.490971
v 0.800647 -0.174709 0.165159
v 0.800647 -0.174709 -0.165159
v 0.778807 -0.224498 -0.490971
v 0.735724 -0.322718 -0.803391
v 0.672572 -0.466691 -1.093896
v 0.591074 -0.652487 -1.354563
v 0.493453 -0.875041 -1.578281
v 0.382372 -1.128280 -1.758948
v 0.260861 -1.405298 -1.891634
v 0.132234 -1.698537 -1.972723
v 0.180049 -1.724414 1.972723
v 0.355188 -1.456345 1.891634
v 0.520637 -1.203106 1.758948
v 0.671885 -0.971603 1.578281
v 0.804806 -0.768153 1.354563
v 0.915773 -0.598305 1.093896
v 1.001761 -0.466691 0.803391
v 1.060423 -0.376901 0.490971
v 1.090160 -0.331386 0.165159
v 1.090160 -0.331386 -0.165159
v 1.060423 -0.376901 -0.490971
v 1.001761 -0.466691 -0.803391
v 0.915773 -0.598305 -1.093896
v 0.804806 -0.768153 -1.354563
v 0.671885 -0.971603 -1.578281
v 0.520637 -1.203106 -1.758948
v 0.355188 -1.456345 -1.891634
v 0.180049 -1.724414 -1.972723
v 0.222954 -1.757808 1.972723
v 0.439826 -1.522222 1.891634
v 0.644701 -1.299668 1.758948
v 0.831990 -1.096218 1.578281
v 0.996584 -0.917421 1.354563
v 1.133995 -0.768153 1.093896
v 1.240473 -0.652487 0.803391
v 1.313114 -0.573578 0.490971
v 1.349937 -0.533578 0.165159
v 1.349937 -0.533578 -0.165159
v 1.313114 -0.573578 -0.490971
v 1.240473 -0.652487 -0.803391
v 1.133995 -0.768153 -1.093896
v 0.996584 -0.917421 -1.354563
v 0.831990 -1.096218 -1.578281
v 0.644701 -1.299668 -1.758948
v 0.439826 -1.522222 -1.891634
v 0.222954 -1.757808 -1.972723
v 0.259777 -1.797808 1.972723
v 0.512467 -1.601131 1.891634
v 0.751179 -1.415334 1.758948
v 0.969400 -1.245485 1.578281
v 1.161179 -1.096218 1.354563
v 1.321284 -0.971603 1.093896
v 1.445348 -0.875041 0.803391
v 1.529986 -0.809164 0.490971
v 1.572890 -0.775770 0.165159
v 1.572890 -0.775770 -0.165159
v 1.529986 -0.809164 -0.490971
v 1.445348 -0.875041 -0.803391
v 1.321284 -0.971603 -1.093896
v 1.161179 -1.096218 -1.354563
v 0.969400 -1.245485 -1.578281
v 0.751179 -1.415334 -1.758948
v 0.512467 -1.601131 -1.891634
v 0.259777 -1.797808 -1.972723
v 0.289513 -1.843323 1.972723
v 0.571129 -1.690920 1.891634
v 0.837166 -1.546948 1.758948
v 1.080368 -1.415334 1.578281
v 1.294100 -1.299668 1.354563
v 1.472532 -1.203106 1.093896
v 1.610797 -1.128280 0.803391
v 1.705124 -1.077233 0.490971
v 1.752940 -1.051356 0.165159
v 1.752940 -1.051356 -0.165159
v 1.705124 -1.077233 -0.490971
v 1.610797 -1.128280 -0.803391
v 1.472532 -1.203106 -1.093896
v 1.294100 -1.299668 -1.354563
v 1.080368 -1.415334 -1.578281
v 0.837166 -1.546948 -1.758948
v 0.571129 -1.690920 -1.891634
v 0.289513 -1.843323 -1.972723
v 0.311353 -1.893112 1.972723
v 0.614213 -1.789141 1.891634
v 0.900319 -1.690920 1.758948
v 1.161866 -1.601131 1.578281
v 1.391721 -1.522222 1.354563
v 1.583613 -1.456345 1.093896
v 1.732308 -1.405298 0.803391
v 1.833751 -1.370472 0.490971
v 1.885174 -1.352819 0.165159
v 1.885174 -1.352819 -0.165159
v 1.833751 -1.370472 -0.490971
v 1.732308 -1.405298 -0.803391
v 1.583613 -1.456345 -1.093896
v 1.391721 -1.522222 -1.354563
v 1.161866 -1.601131 -1.578281
v 0.900319 -1.690920 -1.758948
v 0.614213 -1.789141 -1.891634
v 0.311353 -1.893112 -1.972723
v -0.311353 -2.106888 -1.972723
v -0.614213 -2.210859 -1.891634
v -0.900319 -2.309080 -1.758948
v -1.161866 -2.398869 -1.578281
v -1.391721 -2.477778 -1.354563
v -1.583613 -2.543655 -1.093896
v -1.732308 -2.594702 -0.803391
v -1.833751 -2.629528 -0.490971
v -1.885174 -2.647181 -0.165159
v -1.885174 -2.647181 0.165159
v -1.833751 -2.629528 0.490971
v -1.732308 -2.594702 0.803391
v -1.583613 -2.543655 1.093896
v -1.391721 -2.477778 1.354563
v -1.161866 -2.398869 1.578281
v -0.900319 -2.309080 1.758948
v -0.614213 -2.210859 1.891634
v -0.311353 -2.106888 1.972723
v -0.289513 -2.156677 -1.972723
v -0.571129 -2.309080 -1.891634
v -0.837166 -2.453052 -1.758948
v -1.080368 -2.584666 -1.578281
v -1.294100 -2.700332 -1.354563
v -1.472532 -2.796894 -1.093896
v -1.610797 -2.871720 -0.803391
v -1.705124 -2.922767 -0.490971
v -1.752940 -2.948644 -0.165159
v -1.752940 -2.948644 0.165159
v -1.705124 -2.922767 0.490971
v -1.610797 -2.871720 0.803391
v -1.472532 -2.796894 1.093896
v -1.294100 -2.700332 1.354563
v -1.080368 -2.584666 1.578281
v -0.837166 -2.453052 1.758948
v -0.571129 -2.309080 1.891634
v -0.289513 -2.156677 1.972723
v -0.259777 -2.202192 -1.972723
v -0.512467 -2.398869 -1.891634
v -0.751179 -2.584666 -1.758948
v -0.969400 -2.754515 -1.578281
v -1.161179 -2.903782 -1.354563
v -1.321284 -3.028397 -1.093896
v -1.445348 -3.124959 -0.803391
v -1.529986 -3.190836 -0.490971
v -1.572890 -3.224230 -0.165159
v -1.572890 -3.224230 0.165159
v -1.529986 -3.190836 0.490971
v -1.445348 -3.124959 0.803391
v -1.321284 -3.028397 1.093896
v -1.161179 -2.903782 1.354563
v -0.969400 -2.754515 1.578281
v -0.751179 -2.584666 1.758948
v -0.512467 -2.398869 1.891634
v -0.259777 -2.202192 1.972723
v -0.222954 -2.242192 -1.972723
v -0.439826 -2.477778 -1.891634
v -0.644701 -2.700332 -1.758948
v -0.831990 -2.903782 -1.578281
v -0.996584 -3.082579 -1.354563
v -1.133995 -3.231847 -1.093896
v -1.240473 -3.347513 -0.803391
v -1.313114 -3.426422 -0.490971
v -1.349937 -3.466422 -0.165159
v -1.349937 -3.466422 0.165159
v -1.313114 -3.426422 0.490971
v -1.240473 -3.347513 0.803391
v -1.133995 -3.231847 1.093896
v -0.996584 -3.082579 1.354563
v -0.831990 -2.903782 1.578281
v -0.644701 -2.700332 1.758948
v -0.439826 -2.477778 1.891634
v -0.222954 -2.242192 1.972723
v -0.180049 -2.275586 -1.972723
v -0.355188 -2.543655 -1.891634
v -0.520637 -2.796894 -1.758948
v -0.671885 -3.028397 -1.578281
v -0.804806 -3.231847 -1.354563
v -0.915773 -3.401695 -1.093896
v -1.001761 -3.533309 -0.803391
v -1.060423 -3.623099 -0.490971
v -1.090160 -3.668614 -0.165159
v -1.090160 -3.668614 0.165159
v -1.060423 -3.623099 0.490971
v -1.001761 -3.533309 0.803391
v -0.915773 -3.401695 1.093896
v -0.804806 -3.231847 1.354563
v -0.671885 -3.028397 1.578281
v -0.520637 -2.796894 1.758948
v -0.355188 -2.543655 1.891634
v -0.180049 -2.275586 1.972723
v -0.132234 -2.301463 -1.972723
v -0.260861 -2.594702 -1.891634
v -0.382372 -2.871720 -1.758948
v -0.493453 -3.124959 -1.578281
v -0.591074 -3.347513 -1.354563
v -0.672572 -3.533309 -1.093896
v -0.735724 -3.677282 -0.803391
v -0.778807 -3.775502 -0.490971
v -0.800647 -3.825291 -0.165159
v -0.800647 -3.825291 0.165159
v -0.778807 -3.775502 0.490971
v -0.735724 -3.677282 0.803391
v -0.672572 -3.533309 1.093896
v -0.591074 -3.347513 1.354563
v -0.493453 -3.124959 1.578281
v -0.382372 -2.871720 1.758948
v -0.260861 -2.594702 1.891634
v -0.132234 -2.301463 1.972723
v -0.080811 -2.319116 -1.972723
v -0.159418 -2.629528 -1.891634
v -0.233676 -2.922767 -1.758948
v -0.301561 -3.190836 -1.578281
v -0.361219 -3.426422 -1.354563
v -0.411024 -3.623099 -1.093896
v -0.449618 -3.775502 -0.803391
v -0.475947 -3.879474 -0.490971
v -0.489294 -3.932179 -0.165159
v -0.489294 -3.932179 0.165159
v -0.475947 -3.879474 0.490971
v -0.449618 -3.775502 0.803391
v -0.411024 -3.623099 1.093896
v -0.361219 -3.426422 1.354563
v -0.301561 -3.190836 1.578281
v -0.233676 -2.922767 1.758948
v -0.159418 -2.629528 1.891634
v -0.080811 -2.319116 1.972723
v -0.027184 -2.328065 -1.972723
v -0.053627 -2.647181 -1.891634
v -0.078607 -2.948644 -1.758948
v -0.101443 -3.224230 -1.578281
v -0.121511 -3.466422 -1.354563
v -0.138265 -3.668614 -1.093896
v -0.151248 -3.825291 -0.803391
v -0.160105 -3.932179 -0.490971
v -0.164595 -3.986361 -0.165159
v -0.164595 -3.986361 0.165159
v -0.160105 -3.932179 0.490971
v -0.151248 -3.825291 0.803391
v -0.138265 -3.668614 1.093896
v -0.121511 -3.466422 1.354563
v -0.101443 -3.224230 1.578281
v -0.078607 -2.948644 1.758948
v -0.053627 -2.647181 1.891634
v -0.027184 -2.328065 1.972723
v 0.027184 -2.328065 -1.972723
v 0.053627 -2.647181 -1.891634
v 0.078607 -2.948644 -1.758948
v 0.101443 -3.224230 -1.578281
v 0.121511 -3.466422 -1.354563
v 0.138265 -3.668614 -1.093896
v 0.151248 -3.825291 -0.803391
v 0.160105 -3.932179 -0.490971
v 0.164595 -3.986361 -0.165159
v 0.164595 -3.986361 0.165159
v 0.160105 -3.932179 0.490971
v 0.151248 -3.825291 0.803391
v 0.138265 -3.668614 1.093896
v 0.121511 -3.466422 1.354563
v 0.101443 -3.224230 1.578281
v 0.078607 -2.948644 1.758948
v 0.053627 -2.647181 1.891634
v 0.027184 -2.328065 1.972723
v 0.080811 -2.319116 -1.972723
v 0.159418 -2.629528 -1.891634
v 0.233676 -2.922767 -1.758948
v 0.301561 -3.190836 -1.578281
v 0.361219 -3.426422 -1.354563
v 0.411024 -3.623099 -1.093896
v 0.449618 -3.775502 -0.803391
v 0.475947 -3.879474 -0.490971
v 0.489294 -3.932179 -0.165159
v 0.489294 -3.932179 0.165159
v 0.475947 -3.879474 0.490971
v 0.449618 -3.775502 0.803391
v 0.411024 -3.623099 1.093896
v 0.361219 -3.426422 1.354563
v 0.301561 -3.190836 1.578281
v 0.233676 -2.922767 1.758948
v 0.159418 -2.629528 1.891634
v 0.080811 -2.319116 1.972723
v 0.132234 -2.301463 -1.972723
v 0.260861 -2.594702 -1.891634
v 0.382372 -2.871720 -1.758948
v 0.493453 -3.124959 -1.578281
v 0.591074 -3.347513 -1.354563
v 0.672572 -3.533309 -1.093896
v 0.735724 -3.677282 -0.803391
v 0.778807 -3.775502 -0.490971
v 0.800647 -3.825291 -0.165159
v 0.800647 -3.825291 0.165159
v 0.778807 -3.775502 0.490971
v 0.735724 -3.677282 0.803391
v 0.672572 -3.533309 1.093896
v 0.591074 -3.347513 1.354563
v 0.493453 -3.124959 1.578281
v 0.382372 -2.871720 1.758948
v 0.260861 -2.594702 1.891634
v 0.132234 -2.301463 1.972723
v 0.180049 -2.275586 -1.972723
v 0.355188 -2.543655 -1.891634
v 0.520637 -2.796894 -1.758948
v 0.671885 -3.028397 -1.578281
v 0.804806 -3.231847 -1.354563
v 0.915773 -3.401695 -1.093896
v 1.001761 -3.533309 -0.803391
v 1.060423 -3.623099 -0.490971
v 1.090160 -3.668614 -0.165159
v 1.090160 -3.668614 0.165159
v 1.060423 -3.623099 0.490971
v 1.001761 -3.533309 0.803391
v 0.915773 -3.401695 1.093896
v 0.804806 -3.231847 1.354563
v 0.671885 -3.028397 1.578281
v 0.520637 -2.796894 1.758948
v 0.355188 -2.543655 1.891634
v 0.180049 -2.275586 1.972723
v 0.222954 -2.242192 -1.972723
v 0.439826 -2.477778 -1.891634
v 0.644701 -2.700332 -1.758948
v 0.831990 -2.903782 -1.578281
v 0.996584 -3.082579 -1.354563
v 1.133995 -3.231847 -1.093896
v 1.240473 -3.347513 -0.803391
v 1.313114 -3.426422 -0.490971
v 1.349937 -3.466422 -0.165159
v 1.349937 -3.466422 0.165159
v 1.313114 -3.426422 0.490971
v 1.240473 -3.347513 0.803391
v 1.133995 -3.231847 1.093896
v 0.996584 -3.082579 1.354563
v 0.831990 -2.903782 1.578281
v 0.644701 -2.700332 1.758948
v 0.439826 -2.477778 1.891634
v 0.222954 -2.242192 1.972723
v 0.259777 -2.202192 -1.972723
v 0.512467 -2.398869 -1.891634
v 0.751179 -2.584666 -1.758948
v 0.969400 -2.754515 -1.578281
v 1.161179 -2.903782 -1.354563
v 1.321284 -3.028397 -1.093896
v 1.445348 -3.124959 -0.803391
v 1.529986 -3.190836 -0.490971
v 1.572890 -3.224230 -0.165159
v 1.572890 -3.224230 0.165159
v 1.529986 -3.190836 0.490971
v 1.445348 -3.124959 0.803391
v 1.321284 -3.028397 1.093896
v 1.161179 -2.903782 1.354563
v 0.969400 -2.754515 1.578281
v 0.751179 -2.584666 1.758948
v 0.512467 -2.398869 1.891634
v 0.259777 -2.202192 1.972723
v 0.289513 -2.156677 -1.972723
v 0.571129 -2.309080 -1.891634
v 0.837166 -2.453052 -1.758948
v 1.080368 -2.584666 -1.578281
v 1.294100 -2.700332 -1.354563
v 1.472532 -2.796894 -1.093896
v 1.610797 -2.871720 -0.803391
v 1.705124 -2.922767 -0.490971
v 1.752940 -2.948644 -0.165159
v 1.752940 -2.948644 0.165159
v 1.705124 -2.922767 0.490971
v 1.610797 -2.871720 0.803391
v 1.472532 -2.796894 1.093896
v 1.294100 -2.700332 1.354563
v 1.080368 -2.584666 1.578281
v 0.837166 -2.453052 1.758948
v 0.571129 -2.309080 1.891634
v 0.289513 -2.156677 1.972723
v 0.311353 -2.106888 -1.972723
v 0.614213 -2.210859 -1.891634
v 0.900319 -2.309080 -1.758948
v 1.161866 -2.398869 -1.578281
v 1.391721 -2.477778 -1.354563
v 1.583613 -2.543655 -1.093896
v 1.732308 -2.594702 -0.803391
v 1.833751 -2.629528 -0.490971
v 1.885174 -2.647181 -0.165159
v 1.885174 -2.647181 0.165159
v 1.833751 -2.629528 0.490971
v 1.732308 -2.594702 0.803391
v 1.583613 -2.543655 1.093896
v 1.391721 -2.477778 1.354563
v 1.161866 -2.398869 1.578281
v 0.900319 -2.309080 1.758948
v 0.614213 -2.210859 1.891634
v 0.311353 -2.106888 1.972723
vt -2.810899 -0.330694 0.000000
vt -3.141593 -0.330694 0.000000
vt -2.810899 -0.661388 0.000000
vt -3.141593 -0.661388 0.000000
vt -2.810899 -0.992082 0.000000
vt -3.141593 -0.992082 0.000000
vt -2.810899 -1.322776 0.000000
vt -3.141593 -1.322776 0.000000
vt -2.810899 -1.653470 0.000000
vt -3.141593 -1.653470 0.000000
vt -2.810899 -1.984164 0.000000
vt -3.141593 -1.984164 0.000000
vt -2.810899 -2.314858 0.000000
vt -3.141593 -2.314858 0.000000
vt -2.810899 -2.645552 0.000000
vt -3.141593 -2.645552 0.000000
vt -2.810899 -2.976246 0.000000
vt -3.141593 -2.976246 0.000000
vt -2.810899 -3.306940 0.000000
vt -3.141593 -3.306940 0.000000
vt -2.810899 -3.637634 0.000000
vt -3.141593 -3.637634 0.000000
vt -2.810899 -3.968328 0.000000
vt -3.141593 -3.968328 0.000000
vt -2.810899 -4.299022 0.000000
vt -3.141593 -4.299022 0.000000
vt -2.810899 -4.629715 0.000000
vt -3.141593 -4.629715 0.000000
vt -2.810899 -4.960409 0.000000
vt -3.141593 -4.960409 0.000000
vt -2.810899 -5.291103 0.000000
vt -3.141593 -5.291103 0.000000
vt -2.810899 -5.621797 0.000000
vt -3.141593 -5.621797 0.000000
vt -2.810899 -5.952491 0.000000
vt -3.141593 -5.952491 0.000000
vt -2.810899 -6.283185 0.000000
vt 2.810899 -5.952491 0.000000
vt 3.141593 -5.952491 0.000000
vt 2.810899 -5.621797 0.000000
vt 3.141593 -5.621797 0.000000
vt 2.810899 -5.291103 0.000000
vt 3.141593 -5.291103 0.000000
vt 2.810899 -4.960409 0.000000
vt 3.141593 -4.960409 0.000000
vt 2.810899 -4.629715 0.000000
vt 3.141593 -4.629715 0.000000
vt 2.810899 -4.299022 0.000000
vt 3.141593 -4.299022 0.000000
vt 2.810899 -3.968328 0.000000
vt 3.141593 -3.968328 0.000000
vt 2.810899 -3.637634 0.000000
vt 3.141593 -3.637634 0.000000
vt 2.810899 -3.306940 0.000000
vt 3.141593 -3.306940 0.000000
vt 2.810899 -2.976246 0.000000
vt 3.141593 -2.976246 0.000000
vt 2.810899 -2.645552 0.000000
vt 3.141593 -2.645552 0.000000
vt 2.810899 -2.314858 0.000000
vt 3.141593 -2.314858 0.000000
vt 2.810899 -1.984164 0.000000
vt 3.141593 -1.984164 0.000000
vt 2.810899 -1.653470 0.000000
vt 3.141593 -1.653470 0.000000
vt 2.810899 -1.322776 0.000000
vt 3.141593 -1.322776 0.000000
vt 2.810899 -0.992082 0.000000
vt 3.141593 -0.992082 0.000000
vt 2.810899 -0.661388 0.000000
vt 3.141593 -0.661388 0.000000
vt 2.810899 -0.330694 0.000000
vt 3.141593 -0.330694 0.000000
vt 2.810899 0.000000 0.000000
vt 2.810899 0.330694 0.000000
vt 3.141593 0.330694 0.000000
vt 2.810899 0.661388 0.000000
vt 3.141593 0.661388 0.000000
vt 2.810899 0.992082 0.000000
vt 3.141593 0.992082 0.000000
vt 2.810899 1.322776 0.000000
vt 3.141593 1.322776 0.000000
vt 2.810899 1.653470 0.000000
vt 3.141593 1.653470 0.000000
vt 2.810899 1.984164 0.000000
vt 3.141593 1.984164 0.000000
vt 2.810899 2.314858 0.000000
vt 3.141593 2.314858 0.000000
vt 2.810899 2.645552 0.000000
vt 3.141593 2.645552 0.000000
vt 2.810899 2.976246 0.000000
vt 3.141593 2.976246 0.000000
vt 2.810899 3.306940 0.000000
vt 3.141593 3.306940 0.000000
vt 2.810899 3.637634 0.000000
vt 3.141593 3.637634 0.000000
vt 2.810899 3.968328 0.000000
vt 3.141593 3.968328 0.000000
vt 2.810899 4.299022 0.000000
vt 3.141593 4.299022 0.000000
vt 2.810899 4.629715 0.000000
vt 3.141593 4.629715 0.000000
vt 2.810899 4.960409 0.000000
vt 3.141593 4.960409 0.000000
vt 2.810899 5.291103 0.000000
vt 3.141593 5.291103 0.000000
vt 2.810899 5.621797 0.000000
vt 3.141593 5.621797 0.000000
vt 2.810899 5.952491 0.000000
vt 3.141593 5.952491 0.000000
vt 2.810899 6.283185 0.000000
vt -2.810899 5.952491 0.000000
vt -3.141593 5.952491 0.000000
vt -2.810899 5.621797 0.000000
vt -3.141593 5.621797 0.000000
vt -2.810899 5.291103 0.000000
vt -3.141593 5.291103 0.000000
vt -2.810899 4.960409 0.000000
vt -3.141593 4.960409 0.000000
vt -2.810899 4.629715 0.000000
vt -3.141593 4.629715 0.000000
vt -2.810899 4.299022 0.000000
vt -3.141593 4.299022 0.000000
vt -2.810899 3.968328 0.000000
vt -3.141593 3.968328 0.000000
vt -2.810899 3.637634 0.000000
vt -3.141593 3.637634 0.000000
vt -2.810899 3.306940 0.000000
vt -3.141593 3.306940 0.000000
vt -2.810899 2.976246 0.000000
vt -3.141593 2.976246 0.000000
vt -2.810899 2.645552 0.000000
vt -3.141593 2.645552 0.000000
vt -2.810899 2.314858 0.000000
vt -3.141593 2.314858 0.000000
vt -2.810899 1.984164 0.000000
vt -3.141593 1.984164 0.000000
vt -2.810899 1.653470 0.000000
vt -3.141593 1.653470 0.000000
vt -2.810899 1.322776 0.000000
vt -3.141593 1.322776 0.000000
vt -2.810899 0.992082 0.000000
vt -3.141593 0.992082 0.000000
vt -2.810899 0.661388 0.000000
vt -3.141593 0.661388 0.000000
vt -2.810899 0.330694 0.000000
vt -3.141593 0.330694 0.000000
vt -2.810899 0.000000 0.000000
vt 2.480205 0.000000 0.000000
vt 2.480205 -0.330694 0.000000
vt 2.480205 -0.661388 0.000000
vt 2.480205 -0.992082 0.000000
vt 2.480205 -1.322776 0.000000
vt 2.480205 -1.653470 0.000000
vt 2.480205 -1.984164 0.000000
vt 2.480205 -2.314858 0.000000
vt 2.480205 -2.645552 0.000000
vt 2.480205 -2.976246 0.000000
vt 2.480205 -3.306940 0.000000
vt 2.480205 -3.637634 0.000000
vt 2.480205 -3.968328 0.000000
vt 2.480205 -4.299022 0.000000
vt 2.480205 -4.629715 0.000000
vt 2.480205 -4.960409 0.000000
vt 2.480205 -5.291103 0.000000
vt 2.480205 -5.621797 0.000000
vt 2.480205 -5.952491 0.000000
vt 2.810899 -6.283185 0.000000
vt 2.480205 -6.283185 0.000000
vt 2.480205 6.283185 0.000000
vt 2.480205 5.952491 0.000000
vt 2.480205 5.621797 0.000000
vt 2.480205 5.291103 0.000000
vt 2.480205 4.960409 0.000000
vt 2.480205 4.629715 0.000000
vt 2.480205 4.299022 0.000000
vt 2.480205 3.968328 0.000000
vt 2.480205 3.637634 0.000000
vt 2.480205 3.306940 0.000000
vt 2.480205 2.976246 0.000000
vt 2.480205 2.645552 0.000000
vt 2.480205 2.314858 0.000000
vt 2.480205 1.984164 0.000000
vt 2.480205 1.653470 0.000000
vt 2.480205 1.322776 0.000000
vt 2.480205 0.992082 0.000000
vt 2.480205 0.661388 0.000000
vt 2.480205 0.330694 0.000000
vt 3.141593 0.000000 0.000000
vt 2.149511 0.000000 0.000000
vt 2.149511 -0.330694 0.000000
vt 2.149511 -0.661388 0.000000
vt 2.149511 -0.992082 0.000000
vt 2.149511 -1.322776 0.000000
vt 2.149511 -1.653470 0.000000
vt 2.149511 -1.984164 0.000000
vt 2.149511 -2.314858 0.000000
vt 2.149511 -2.645552 0.000000
vt 2.149511 -2.976246 0.000000
vt 2.149511 -3.306940 0.000000
vt 2.149511 -3.637634 0.000000
vt 2.149511 -3.968328 0.000000
vt 2.149511 -4.299022 0.000000
vt 2.149511 -4.629715 0.000000
vt 2.149511 -4.960409 0.000000
vt 2.149511 -5.291103 0.000000
vt 2.149511 -5.621797 0.000000
vt 2.149511 -5.952491 0.000000
vt 2.149511 -6.283185 0.000000
vt 2.149511 6.283185 0.000000
vt 2.149511 5.952491 0.000000
vt 2.149511 5.621797 0.000000
vt 2.149511 5.291103 0.000000
vt 2.149511 4.960409 0.000000
vt 2.149511 4.629715 0.000000
vt 2.149511 4.299022 0.000000
vt 2.149511 3.968328 0.000000
vt 2.149511 3.637634 0.000000
vt 2.149511 3.306940 0.000000
vt 2.149511 2.976246 0.000000
vt 2.149511 2.645552 0.000000
vt 2.149511 2.314858 0.000000
vt 2.149511 1.984164 0.000000
vt 2.149511 1.653470 0.000000
vt 2.149511 1.322776 0.000000
vt 2.149511 0.992082 0.000000
vt 2.149511 0.661388 0.000000
vt 2.149511 0.330694 0.000000
vt 1.818817 0.000000 0.000000
vt 1.818817 -0.330694 0.000000
vt 1.818817 -0.661388 0.000000
vt 1.818817 -0.992082 0.000000
vt 1.818817 -1.322776 0.000000
vt 1.818817 -1.653470 0.000000
vt 1.818817 -1.984164 0.000000
vt 1.818817 -2.314858 0.000000
vt 1.818817 -2.645552 0.000000
vt 1.818817 -2.976246 0.000000
vt 1.818817 -3.306940 0.000000
vt 1.818817 -3.637634 0.000000
vt 1.818817 -3.968328 0.000000
vt 1.818817 -4.299022 0.000000
vt 1.818817 -4.629715 0.000000
vt 1.818817 -4.960409 0.000000
vt 1.818817 -5.291103 0.000000
vt 1.818817 -5.621797 0.000000
vt 1.818817 -5.952491 0.000000
vt 1.818817 -6.283185 0.000000
vt 1.818817 6.283185 0.000000
vt 1.818817 5.952491 0.000000
vt 1.818817 5.621797 0.000000
vt 1.818817 5.291103 0.000000
vt 1.818817 4.960409 0.000000
vt 1.818817 4.629715 0.000000
vt 1.818817 4.299022 0.000000
vt 1.818817 3.968328 0.000000
vt 1.818817 3.637634 0.000000
vt 1.818817 3.306940 0.000000
vt 1.818817 2.976246 0.000000
vt 1.818817 2.645552 0.000000
vt 1.818817 2.314858 0.000000
vt 1.818817 1.984164 0.000000
vt 1.818817 1.653470 0.000000
vt 1.818817 1.322776 0.000000
vt 1.818817 0.992082 0.000000
vt 1.818817 0.661388 0.000000
vt 1.818817 0.330694 0.000000
vt 1.488123 0.000000 0.000000
vt 1.488123 -0.330694 0.000000
vt 1.488123 -0.661388 0.000000
vt 1.488123 -0.992082 0.000000
vt 1.488123 -1.322776 0.000000
vt 1.488123 -1.653470 0.000000
vt 1.488123 -1.984164 0.000000
vt 1.488123 -2.314858 0.000000
vt 1.488123 -2.645552 0.000000
vt 1.488123 -2.976246 0.000000
vt 1.488123 -3.306940 0.000000
vt 1.488123 -3.637634 0.000000
vt 1.488123 -3.968328 0.000000
vt 1.488123 -4.299022 0.000000
vt 1.488123 -4.629715 0.000000
vt 1.488123 -4.960409 0.000000
vt 1.488123 -5.291103 0.000000
vt 1.488123 -5.621797 0.000000
vt 1.488123 -5.952491 0.000000
vt 1.488123 -6.283185 0.000000
vt 1.488123 6.283185 0.000000
vt 1.488123 5.952491 0.000000
vt 1.488123 5.621797 0.000000
vt 1.488123 5.291103 0.000000
vt 1.488123 4.960409 0.000000
vt 1.488123 4.629715 0.000000
vt 1.488123 4.299022 0.000000
vt 1.488123 3.968328 0.000000
vt 1.488123 3.637634 0.000000
vt 1.488123 3.306940 0.000000
vt 1.488123 2.976246 0.000000
vt 1.488123 2.645552 0.000000
vt 1.488123 2.314858 0.000000
vt 1.488123 1.984164 0.000000
vt 1.488123 1.653470 0.000000
vt 1.488123 1.322776 0.000000
vt 1.488123 0.992082 0.000000
vt 1.488123 0.661388 0.000000
vt 1.488123 0.330694 0.000000
vt 1.157429 0.000000 0.000000
vt 1.157429 -0.330694 0.000000
vt 1.157429 -0.661388 0.000000
vt 1.157429 -0.992082 0.000000
vt 1.157429 -1.322776 0.000000
vt 1.157429 -1.653470 0.000000
vt 1.157429 -1.984164 0.000000
vt 1.157429 -2.314858 0.000000
vt 1.157429 -2.645552 0.000000
vt 1.157429 -2.976246 0.000000
vt 1.157429 -3.306940 0.000000
vt 1.157429 -3.637634 0.000000
vt 1.157429 -3.968328 0.000000
vt 1.157429 -4.299022 0.000000
vt 1.157429 -4.629715 0.000000
vt 1.157429 -4.960409 0.000000
vt 1.157429 -5.291103 0.000000
vt 1.157429 -5.621797 0.000000
vt 1.157429 -5.952491 0.000000
vt 1.157429 -6.283185 0.000000
vt 1.157429 6.283185 0.000000
vt 1.157429 5.952491 0.000000
vt 1.157429 5.621797 0.000000
vt 1.157429 5.291103 0.000000
vt 1.157429 4.960409 0.000000
vt 1.157429 4.629715 0.000000
vt 1.157429 4.299022 0.000000
vt 1.157429 3.968328 0.000000
vt 1.157429 3.637634 0.000000
vt 1.157429 3.306940 0.000000
vt 1.157429 2.976246 0.000000
vt 1.157429 2.645552 0.000000
vt 1.157429 2.314858 0.000000
vt 1.157429 1.984164 0.000000
vt 1.157429 1.653470 0.000000
vt 1.157429 1.322776 0.000000
vt 1.157429 0.992082 0.000000
vt 1.157429 0.661388 0.000000
vt 1.157429 0.330694 0.000000
vt 0.826735 0.000000 0.000000
vt 0.826735 -0.330694 0.000000
vt 0.826735 -0.661388 0.000000
vt 0.826735 -0.992082 0.000000
vt 0.826735 -1.322776 0.000000
vt 0.826735 -1.653470 0.000000
vt 0.826735 -1.984164 0.000000
vt 0.826735 -2.314858 0.000000
vt 0.826735 -2.645552 0.000000
vt 0.826735 -2.976246 0.000000
vt 0.826735 -3.306940 0.000000
vt 0.826735 -3.637634 0.000000
vt 0.826735 -3.968328 0.000000
vt 0.826735 -4.299022 0.000000
vt 0.826735 -4.629715 0.000000
vt 0.826735 -4.960409 0.000000
vt 0.826735 -5.291103 0.000000
vt 0.826735 -5.621797 0.000000
vt 0.826735 -5.952491 0.000000
vt 0.826735 -6.283185 0.000000
vt 0.826735 6.283185 0.000000
vt 0.826735 5.952491 0.000000
vt 0.826735 5.621797 0.000000
vt 0.826735 5.291103 0.000000
vt 0.826735 4.960409 0.000000
vt 0.826735 4.629715 0.000000
vt 0.826735 4.299022 0.000000
vt 0.826735 3.968328 0.000000
vt 0.826735 3.637634 0.000000
vt 0.826735 3.306940 0.000000
vt 0.826735 2.976246 0.000000
vt 0.826735 2.645552 0.000000
vt 0.826735 2.314858 0.000000
vt 0.826735 1.984164 0.000000
vt 0.826735 1.653470 0.000000
vt 0.826735 1.322776 0.000000
vt 0.826735 0.992082 0.000000
vt 0.826735 0.661388 0.000000
vt 0.826735 0.330694 0.000000
vt 0.496041 0.000000 0.000000
vt 0.496041 -0.330694 0.000000
vt 0.496041 -0.661388 0.000000
vt 0.496041 -0.992082 0.000000
vt 0.496041 -1.322776 0.000000
vt 0.496041 -1.653470 0.000000
vt 0.496041 -1.984164 0.000000
vt 0.496041 -2.314858 0.000000
vt 0.496041 -2.645552 0.000000
vt 0.496041 -2.976246 0.000000
vt 0.496041 -3.306940 0.000000
vt 0.496041 -3.637634 0.000000
vt 0.496041 -3.968328 0.000000
vt 0.496041 -4.299022 0.000000
vt 0.496041 -4.629715 0.000000
vt 0.496041 -4.960409 0.000000
vt 0.496041 -5.291103 0.000000
vt 0.496041 -5.621797 0.000000
vt 0.496041 -5.952491 0.000000
vt 0.496041 -6.283185 0.000000
vt 0.496041 6.283185 0.000000
vt 0.496041 5.952491 0.000000
vt 0.496041 5.621797 0.000000
vt 0.496041 5.291103 0.000000
vt 0.496041 4.960409 0.000000
vt 0.496041 4.629715 0.000000
vt 0.496041 4.299022 0.000000
vt 0.496041 3.968328 0.000000
vt 0.496041 3.637634 0.000000
vt 0.496041 3.306940 0.000000
vt 0.496041 2.976246 0.000000
vt 0.496041 2.645552 0.000000
vt 0.496041 2.314858 0.000000
vt 0.496041 1.984164 0.000000
vt 0.496041 1.653470 0.000000
vt 0.496041 1.322776 0.000000
vt 0.496041 0.992082 0.000000
vt 0.496041 0.661388 0.000000
vt 0.496041 0.330694 0.000000
vt 0.165347 0.000000 0.000000
vt 0.165347 -0.330694 0.000000
vt 0.165347 -0.661388 0.000000
vt 0.165347 -0.992082 0.000000
vt 0.165347 -1.322776 0.000000
vt 0.165347 -1.653470 0.000000
vt 0.165347 -1.984164 0.000000
vt 0.165347 -2.314858 0.000000
vt 0.165347 -2.645552 0.000000
vt 0.165347 -2.976246 0.000000
vt 0.165347 -3.306940 0.000000
vt 0.165347 -3.637634 0.000000
vt 0.165347 -3.968328 0.000000
vt 0.165347 -4.299022 0.000000
vt 0.165347 -4.629715 0.000000
vt 0.165347 -4.960409 0.000000
vt 0.165347 -5.291103 0.000000
vt 0.165347 -5.621797 0.000000
vt 0.165347 -5.952491 0.000000
vt 0.165347 -6.283185 0.000000
vt 0.165347 6.283185 0.000000
vt 0.165347 5.952491 0.000000
vt 0.165347 5.621797 0.000000
vt 0.165347 5.291103 0.000000
vt 0.165347 4.960409 0.000000
vt 0.165347 4.629715 0.000000
vt 0.165347 4.299022 0.000000
vt 0.165347 3.968328 0.000000
vt 0.165347 3.637634 0.000000
vt 0.165347 3.306940 0.000000
vt 0.165347 2.976246 0.000000
vt 0.165347 2.645552 0.000000
vt 0.165347 2.314858 0.000000
vt 0.165347 1.984164 0.000000
vt 0.165347 1.653470 0.000000
vt 0.165347 1.322776 0.000000
vt 0.165347 0.992082 0.000000
vt 0.165347 0.661388 0.000000
vt 0.165347 0.330694 0.000000
vt -0.165347 0.000000 0.000000
vt -0.165347 -0.330694 0.000000
vt -0.165347 -0.661388 0.000000
vt -0.165347 -0.992082 0.000000
vt -0.165347 -1.322776 0.000000
vt -0.165347 -1.653470 0.000000
vt -0.165347 -1.984164 0.000000
vt -0.165347 -2.314858 0.000000
vt -0.165347 -2.645552 0.000000
vt -0.165347 -2.976246 0.000000
vt -0.165347 -3.306940 0.000000
vt -0.165347 -3.637634 0.000000
vt -0.165347 -3.968328 0.000000
vt -0.165347 -4.299022 0.000000
vt -0.165347 -4.629715 0.000000
vt -0.165347 -4.960409 0.000000
vt -0.165347 -5.291103 0.000000
vt -0.165347 -5.621797 0.000000
vt -0.165347 -5.952491 0.000000
vt -0.165347 -6.283185 0.000000
vt -0.165347 6.283185 0.000000
vt -0.165347 5.952491 0.000000
vt -0.165347 5.621797 0.000000
vt -0.165347 5.291103 0.000000
vt -0.165347 4.960409 0.000000
vt -0.165347 4.629715 0.000000
vt -0.165347 4.299022 0.000000
vt -0.165347 3.968328 0.000000
vt -0.165347 3.637634 0.000000
vt -0.165347 3.306940 0.000000
vt -0.165347 2.976246 0.000000
vt -0.165347 2.645552 0.000000
vt -0.165347 2.314858 0.000000
vt -0.165347 1.984164 0.000000
vt -0.165347 1.653470 0.000000
vt -0.165347 1.322776 0.000000
vt -0.165347 0.992082 0.000000
vt -0.165347 0.661388 0.000000
vt -0.165347 0.330694 0.000000
vt -0.496041 0.000000 0.000000
vt -0.496041 -0.330694 0.000000
vt -0.496041 -0.661388 0.000000
vt -0.496041 -0.992082 0.000000
vt -0.496041 -1.322776 0.000000
vt -0.496041 -1.653470 0.000000
vt -0.496041 -1.984164 0.000000
vt -0.496041 -2.314858 0.000000
vt -0.496041 -2.645552 0.000000
vt -0.496041 -2.976246 0.000000
vt -0.496041 -3.306940 0.000000
vt -0.496041 -3.637634 0.000000
vt -0.496041 -3.968328 0.000000
vt -0.496041 -4.299022 0.000000
vt -0.496041 -4.629715 0.000000
vt -0.496041 -4.960409 0.000000
vt -0.496041 -5.291103 0.000000
vt -0.496041 -5.621797 0.000000
vt -0.496041 -5.952491 0.000000
vt -0.496041 -6.283185 0.000000
vt -0.496041 6.283185 0.000000
vt -0.496041 5.952491 0.000000
vt -0.496041 5.621797 0.000000
vt -0.496041 5.291103 0.000000
vt -0.496041 4.960409 0.000000
vt -0.496041 4.629715 0.000000
vt -0.496041 4.299022 0.000000
vt -0.496041 3.968328 0.000000
vt -0.496041 3.637634 0.000000
vt -0.496041 3.306940 0.000000
vt -0.496041 2.976246 0.000000
vt -0.496041 2.645552 0.000000
vt -0.496041 2.314858 0.000000
vt -0.496041 1.984164 0.000000
vt -0.496041 1.653470 0.000000
vt -0.496041 1.322776 0.000000
vt -0.496041 0.992082 0.000000
vt -0.496041 0.661388 0.000000
vt -0.496041 0.330694 0.000000
vt -0.826735 0.000000 0.000000
vt -0.826735 -0.330694 0.000000
vt -0.826735 -0.661388 0.000000
vt -0.826735 -0.992082 0.000000
vt -0.826735 -1.322776 0.000000
vt -0.826735 -1.653470 0.000000
vt -0.826735 -1.984164 0.000000
vt -0.826735 -2.314858 0.000000
vt -0.826735 -2.645552 0.000000
vt -0.826735 -2.976246 0.000000
vt -0.826735 -3.306940 0.000000
vt -0.826735 -3.637634 0.000000
vt -0.826735 -3.968328 0.000000
vt -0.826735 -4.299022 0.000000
vt -0.826735 -4.629715 0.000000
vt -0.826735 -4.960409 0.000000
vt -0.826735 -5.291103 0.000000
vt -0.826735 -5.621797 0.000000
vt -0.826735 -5.952491 0.000000
vt -0.826735 -6.283185 0.000000
vt -0.826735 6.283185 0.000000
vt -0.826735 5.952491 0.000000
vt -0.826735 5.621797 0.000000
vt -0.826735 5.291103 0.000000
vt -0.826735 4.960409 0.000000
vt -0.826735 4.629715 0.000000
vt -0.826735 4.299022 0.000000
vt -0.826735 3.968328 0.000000
vt -0.826735 3.637634 0.000000
vt -0.826735 3.306940 0.000000
vt -0.826735 2.976246 0.000000
vt -0.826735 2.645552 0.000000
vt -0.826735 2.314858 0.000000
vt -0.826735 1.984164 0.000000
vt -0.826735 1.653470 0.000000
vt -0.826735 1.322776 0.000000
vt -0.826735 0.992082 0.000000
vt -0.826735 0.661388 0.000000
vt -0.826735 0.330694 0.000000
vt -1.157429 0.000000 0.000000
vt -1.157429 -0.330694 0.000000
vt -1.157429 -0.661388 0.000000
vt -1.157429 -0.992082 0.000000
vt -1.157429 -1.322776 0.000000
vt -1.157429 -1.653470 0.000000
vt -1.157429 -1.984164 0.000000
vt -1.157429 -2.314858 0.000000
vt -1.157429 -2.645552 0.000000
vt -1.157429 -2.976246 0.000000
vt -1.157429 -3.306940 0.000000
vt -1.157429 -3.637634 0.000000
vt -1.157429 -3.968328 0.000000
vt -1.157429 -4.299022 0.000000
vt -1.157429 -4.629715 0.000000
vt -1.157429 -4.960409 0.000000
vt -1.157429 -5.291103 0.000000
vt -1.157429 -5.621797 0.000000
vt -1.157429 -5.952491 0.000000
vt -1.157429 -6.283185 0.000000
vt -1.157429 6.283185 0.000000
vt -1.157429 5.952491 0.000000
vt -1.157429 5.621797 0.000000
vt -1.157429 5.291103 0.000000
vt -1.157429 4.960409 0.000000
vt -1.157429 4.629715 0.000000
vt -1.157429 4.299022 0.000000
vt -1.157429 3.968328 0.000000
vt -1.157429 3.637634 0.000000
vt -1.157429 3.306940 0.000000
vt -1.157429 2.976246 0.000000
vt -1.157429 2.645552 0.000000
vt -1.157429 2.314858 0.000000
vt -1.157429 1.984164 0.000000
vt -1.157429 1.653470 0.000000
vt -1.157429 1.322776 0.000000
vt -1.157429 0.992082 0.000000
vt -1.157429 0.661388 0.000000
vt -1.157429 0.330694 0.000000
vt -1.488123 0.000000 0.000000
vt -1.488123 -0.330694 0.000000
vt -1.488123 -0.661388 0.000000
vt -1.488123 -0.992082 0.000000
vt -1.488123 -1.322776 0.000000
vt -1.488123 -1.653470 0.000000
vt -1.488123 -1.984164 0.000000
vt -1.488123 -2.314858 0.000000
vt -1.488123 -2.645552 0.000000
vt -1.488123 -2.976246 0.000000
vt -1.488123 -3.306940 0.000000
vt -1.488123 -3.637634 0.000000
vt -1.488123 -3.968328 0.000000
vt -1.488123 -4.299022 0.000000
vt -1.488123 -4.629715 0.000000
vt -1.488123 -4.960409 0.000000
vt -1.488123 -5.291103 0.000000
vt -1.488123 -5.621797 0.000000
vt -1.488123 -5.952491 0.000000
vt -1.488123 -6.283185 0.000000
vt -1.488123 6.283185 0.000000
vt -1.488123 5.952491 0.000000
vt -1.488123 5.621797 0.000000
vt -1.488123 5.291103 0.000000
vt -1.488123 4.960409 0.000000
vt -1.488123 4.629715 0.000000
vt -1.488123 4.299022 0.000000
vt -1.488123 3.968328 0.000000
vt -1.488123 3.637634 0.000000
vt -1.488123 3.306940 0.000000
vt -1.488123 2.976246 0.000000
vt -1.488123 2.645552 0.000000
vt -1.488123 2.314858 0.000000
vt -1.488123 1.984164 0.000000
vt -1.488123 1.653470 0.000000
vt -1.488123 1.322776 0.000000
vt -1.488123 0.992082 0.000000
vt -1.488123 0.661388 0.000000
vt -1.488123 0.330694 0.000000
vt -1.818817 0.000000 0.000000
vt -1.818817 -0.330694 0.000000
vt -1.818817 -0.661388 0.000000
vt -1.818817 -0.992082 0.000000
vt -1.818817 -1.322776 0.000000
vt -1.818817 -1.653470 0.000000
vt -1.818817 -1.984164 0.000000
vt -1.818817 -2.314858 0.000000
vt -1.818817 -2.645552 0.000000
vt -1.818817 -2.976246 0.000000
vt -1.818817 -3.306940 0.000000
vt -1.818817 -3.637634 0.000000
vt -1.818817 -3.968328 0.000000
vt -1.818817 -4.299022 0.000000
vt -1.818817 -4.629715 0.000000
vt -1.818817 -4.960409 0.000000
vt -1.818817 -5.291103 0.000000
vt -1.818817 -5.621797 0.000000
vt -1.818817 -5.952491 0.000000
vt -1.818817 -6.283185 0.000000
vt -1.818817 6.283185 0.000000
vt -1.818817 5.952491 0.000000
vt -1.818817 5.621797 0.000000
vt -1.818817 5.291103 0.000000
vt -1.818817 4.960409 0.000000
vt -1.818817 4.629715 0.000000
vt -1.818817 4.299022 0.000000
vt -1.818817 3.968328 0.000000
vt -1.818817 3.637634 0.000000
vt -1.818817 3.306940 0.000000
vt -1.818817 2.976246 0.000000
vt -1.818817 2.645552 0.000000
vt -1.818817 2.314858 0.000000
vt -1.818817 1.984164 0.000000
vt -1.818817 1.653470 0.000000
vt -1.818817 1.322776 0.000000
vt -1.818817 0.992082 0.000000
vt -1.818817 0.661388 0.000000
vt -1.818817 0.330694 0.000000
vt -2.149511 0.000000 0.000000
vt -2.149511 -0.330694 0.000000
vt -2.149511 -0.661388 0.000000
vt -2.149511 -0.992082 0.000000
vt -2.149511 -1.322776 0.000000
vt -2.149511 -1.653470 0.000000
vt -2.149511 -1.984164 0.000000
vt -2.149511 -2.314858 0.000000
vt -2.149511 -2.645552 0.000000
vt -2.149511 -2.976246 0.000000
vt -2.149511 -3.306940 0.000000
vt -2.149511 -3.637634 0.000000
vt -2.149511 -3.968328 0.000000
vt -2.149511 -4.299022 0.000000
vt -2.149511 -4.629715 0.000000
vt -2.149511 -4.960409 0.000000
vt -2.149511 -5.291103 0.000000
vt -2.149511 -5.621797 0.000000
vt -2.149511 -5.952491 0.000000
vt -2.149511 -6.283185 0.000000
vt -2.149511 6.283185 0.000000
vt -2.149511 5.952491 0.000000
vt -2.149511 5.621797 0.000000
vt -2.149511 5.291103 0.000000
vt -2.149511 4.960409 0.000000
vt -2.149511 4.629715 0.000000
vt -2.149511 4.299022 0.000000
vt -2.149511 3.968328 0.000000
vt -2.149511 3.637634 0.000000
vt -2.149511 3.306940 0.000000
vt -2.149511 2.976246 0.000000
vt -2.149511 2.645552 0.000000
vt -2.149511 2.314858 0.000000
vt -2.149511 1.984164 0.000000
vt -2.149511 1.653470 0.000000
vt -2.149511 1.322776 0.000000
vt -2.149511 0.992082 0.000000
vt -2.149511 0.661388 0.000000
vt -2.149511 0.330694 0.000000
vt -2.480205 0.000000 0.000000
vt -2.480205 -0.330694 0.000000
vt -2.480205 -0.661388 0.000000
vt -2.480205 -0.992082 0.000000
vt -2.480205 -1.322776 0.000000
vt -2.480205 -1.653470 0.000000
vt -2.480205 -1.984164 0.000000
vt -2.480205 -2.314858 0.000000
vt -2.480205 -2.645552 0.000000
vt -2.480205 -2.976246 0.000000
vt -2.480205 -3.306940 0.000000
vt -2.480205 -3.637634 0.000000
vt -2.480205 -3.968328 0.000000
vt -2.480205 -4.299022 0.000000
vt -2.480205 -4.629715 0.000000
vt -2.480205 -4.960409 0.000000
vt -2.480205 -5.291103 0.000000
vt -2.480205 -5.621797 0.000000
vt -2.480205 -5.952491 0.000000
vt -2.480205 -6.283185 0.000000
vt -2.480205 6.283185 0.000000
vt -2.480205 5.952491 0.000000
vt -2.480205 5.621797 0.000000
vt -2.480205 5.291103 0.000000
vt -2.480205 4.960409 0.000000
vt -2.480205 4.629715 0.000000
vt -2.480205 4.299022 0.000000
vt -2.480205 3.968328 0.000000
vt -2.480205 3.637634 0.000000
vt -2.480205 3.306940 0.000000
vt -2.480205 2.976246 0.000000
vt -2.480205 2.645552 0.000000
vt -2.480205 2.314858 0.000000
vt -2.480205 1.984164 0.000000
vt -2.480205 1.653470 0.000000
vt -2.480205 1.322776 0.000000
vt -2.480205 0.992082 0.000000
vt -2.480205 0.661388 0.000000
vt -2.480205 0.330694 0.000000
vt -2.810899 6.283185 0.000000
vt -3.141593 0.000000 0.000000
vt -3.141593 6.283185 0.000000
vt 3.141593 -6.283185 0.000000
vn -0.162350 0.027091 0.986361
vn -0.000000 0.000000 1.000000
vn -0.155676 0.053444 0.986361
vn -0.144757 0.078338 0.986361
vn -0.129888 0.101096 0.986361
vn -0.111477 0.121096 0.986361
vn -0.090025 0.137793 0.986361
vn -0.066117 0.150731 0.986361
vn -0.040406 0.159558 0.986361
vn -0.013592 0.164032 0.986361
vn 0.013592 0.164032 0.986361
vn 0.040406 0.159558 0.986361
vn 0.066117 0.150731 0.986361
vn 0.090025 0.137793 0.986361
vn 0.111477 0.121096 0.986361
vn 0.129888 0.101096 0.986361
vn 0.144757 0.078338 0.986361
vn 0.155676 0.053444 0.986361
vn 0.162350 0.027091 0.986361
vn 0.164595 0.000000 0.986361
vn 0.162350 0.027091 -0.986361
vn 0.000000 0.000000 -1.000000
vn 0.155676 0.053444 -0.986361
vn 0.144757 0.078338 -0.986361
vn 0.129888 0.101096 -0.986361
vn 0.111477 0.121096 -0.986361
vn 0.090025 0.137793 -0.986361
vn 0.066117 0.150731 -0.986361
vn 0.040406 0.159558 -0.986361
vn 0.013592 0.164032 -0.986361
vn -0.013592 0.164032 -0.986361
vn -0.040406 0.159558 -0.986361
vn -0.066117 0.150731 -0.986361
vn -0.090025 0.137793 -0.986361
vn -0.111477 0.121096 -0.986361
vn -0.129888 0.101096 -0.986361
vn -0.144757 0.078338 -0.986361
vn -0.155676 0.053444 -0.986361
vn -0.162350 0.027091 -0.986361
vn -0.164595 0.000000 -0.986361
vn -0.162350 -0.027091 -0.986361
vn -0.155676 -0.053444 -0.986361
vn -0.144757 -0.078338 -0.986361
vn -0.129888 -0.101096 -0.986361
vn -0.111477 -0.121096 -0.986361
vn -0.090025 -0.137793 -0.986361
vn -0.066117 -0.150731 -0.986361
vn -0.040406 -0.159558 -0.986361
vn -0.013592 -0.164032 -0.986361
vn 0.013592 -0.164032 -0.986361
vn 0.040406 -0.159558 -0.986361
vn 0.066117 -0.150731 -0.986361
vn 0.090025 -0.137793 -0.986361
vn 0.111477 -0.121096 -0.986361
vn 0.129888 -0.101096 -0.986361
vn 0.144757 -0.078338 -0.986361
vn 0.155676 -0.053444 -0.986361
vn 0.162350 -0.027091 -0.986361
vn 0.164595 0.000000 -0.986361
vn 0.162350 -0.027091 0.986361
vn 0.155676 -0.053444 0.986361
vn 0.144757 -0.078338 0.986361
vn 0.129888 -0.101096 0.986361
vn 0.111477 -0.121096 0.986361
vn 0.090025 -0.137793 0.986361
vn 0.066117 -0.150731 0.986361
vn 0.040406 -0.159558 0.986361
vn 0.013592 -0.164032 0.986361
vn -0.013592 -0.164032 0.986361
vn -0.040406 -0.159558 0.986361
vn -0.066117 -0.150731 0.986361
vn -0.090025 -0.137793 0.986361
vn -0.111477 -0.121096 0.986361
vn -0.129888 -0.101096 0.986361
vn -0.144757 -0.078338 0.986361
vn -0.155676 -0.053444 0.986361
vn -0.162350 -0.027091 0.986361
vn -0.164595 0.000000 0.986361
vn -0.324699 0.000000 -0.945817
vn -0.320271 0.053444 -0.945817
vn -0.307106 0.105430 -0.945817
vn -0.285565 0.154540 -0.945817
vn -0.256234 0.199435 -0.945817
vn -0.219913 0.238889 -0.945817
vn -0.177594 0.271828 -0.945817
vn -0.130430 0.297351 -0.945817
vn -0.079709 0.314764 -0.945817
vn -0.026813 0.323590 -0.945817
vn 0.026813 0.323590 -0.945817
vn 0.079709 0.314764 -0.945817
vn 0.130430 0.297351 -0.945817
vn 0.177594 0.271828 -0.945817
vn 0.219913 0.238889 -0.945817
vn 0.256234 0.199435 -0.945817
vn 0.285565 0.154540 -0.945817
vn 0.307106 0.105430 -0.945817
vn 0.320271 0.053444 -0.945817
vn 0.324699 0.000000 -0.945817
vn 0.320271 -0.053444 -0.945817
vn 0.307106 -0.105430 -0.945817
vn 0.285565 -0.154540 -0.945817
vn 0.256234 -0.199435 -0.945817
vn 0.219913 -0.238889 -0.945817
vn 0.177594 -0.271828 -0.945817
vn 0.130430 -0.297351 -0.945817
vn 0.079709 -0.314764 -0.945817
vn 0.026813 -0.323590 -0.945817
vn -0.026813 -0.323590 -0.945817
vn -0.079709 -0.314764 -0.945817
vn -0.130430 -0.297351 -0.945817
vn -0.177594 -0.271828 -0.945817
vn -0.219913 -0.238889 -0.945817
vn -0.256234 -0.199435 -0.945817
vn -0.285565 -0.154540 -0.945817
vn -0.307106 -0.105430 -0.945817
vn -0.320271 -0.053444 -0.945817
vn -0.475947 0.000000 -0.879474
vn -0.469456 0.078338 -0.879474
vn -0.450159 0.154540 -0.879474
vn -0.418583 0.226526 -0.879474
vn -0.375589 0.292333 -0.879474
vn -0.322350 0.350166 -0.879474
vn -0.260319 0.398447 -0.879474
vn -0.191186 0.435860 -0.879474
vn -0.116838 0.461384 -0.879474
vn -0.039303 0.474322 -0.879474
vn 0.039303 0.474322 -0.879474
vn 0.116838 0.461384 -0.879474
vn 0.191186 0.435860 -0.879474
vn 0.260319 0.398447 -0.879474
vn 0.322350 0.350166 -0.879474
vn 0.375589 0.292333 -0.879474
vn 0.418583 0.226526 -0.879474
vn 0.450159 0.154540 -0.879474
vn 0.469456 0.078338 -0.879474
vn 0.475947 0.000000 -0.879474
vn 0.469456 -0.078338 -0.879474
vn 0.450159 -0.154540 -0.879474
vn 0.418583 -0.226526 -0.879474
vn 0.375589 -0.292333 -0.879474
vn 0.322350 -0.350166 -0.879474
vn 0.260319 -0.398447 -0.879474
vn 0.191186 -0.435860 -0.879474
vn 0.116838 -0.461384 -0.879474
vn 0.039303 -0.474322 -0.879474
vn -0.039303 -0.474322 -0.879474
vn -0.116838 -0.461384 -0.879474
vn -0.191186 -0.435860 -0.879474
vn -0.260319 -0.398447 -0.879474
vn -0.322350 -0.350166 -0.879474
vn -0.375589 -0.292333 -0.879474
vn -0.418583 -0.226526 -0.879474
vn -0.450159 -0.154540 -0.879474
vn -0.469456 -0.078338 -0.879474
vn -0.614213 0.000000 -0.789141
vn -0.605836 0.101096 -0.789141
vn -0.580933 0.199435 -0.789141
vn -0.540184 0.292333 -0.789141
vn -0.484700 0.377257 -0.789141
vn -0.415995 0.451891 -0.789141
vn -0.335943 0.514198 -0.789141
vn -0.246726 0.562480 -0.789141
vn -0.150780 0.595418 -0.789141
vn -0.050721 0.612115 -0.789141
vn 0.050721 0.612115 -0.789141
vn 0.150780 0.595418 -0.789141
vn 0.246726 0.562480 -0.789141
vn 0.335943 0.514198 -0.789141
vn 0.415995 0.451891 -0.789141
vn 0.484700 0.377257 -0.789141
vn 0.540184 0.292333 -0.789141
vn 0.580933 0.199435 -0.789141
vn 0.605836 0.101096 -0.789141
vn 0.614213 0.000000 -0.789141
vn 0.605836 -0.101096 -0.789141
vn 0.580933 -0.199435 -0.789141
vn 0.540184 -0.292333 -0.789141
vn 0.484700 -0.377257 -0.789141
vn 0.415995 -0.451891 -0.789141
vn 0.335943 -0.514198 -0.789141
vn 0.246726 -0.562480 -0.789141
vn 0.150780 -0.595418 -0.789141
vn 0.050721 -0.612115 -0.789141
vn -0.050721 -0.612115 -0.789141
vn -0.150780 -0.595418 -0.789141
vn -0.246726 -0.562480 -0.789141
vn -0.335943 -0.514198 -0.789141
vn -0.415995 -0.451891 -0.789141
vn -0.484700 -0.377257 -0.789141
vn -0.540184 -0.292333 -0.789141
vn -0.580933 -0.199435 -0.789141
vn -0.605836 -0.101096 -0.789141
vn -0.735724 0.000000 -0.677282
vn -0.725690 0.121096 -0.677282
vn -0.695860 0.238889 -0.677282
vn -0.647050 0.350166 -0.677282
vn -0.580590 0.451891 -0.677282
vn -0.498292 0.541290 -0.677282
vn -0.402403 0.615923 -0.677282
vn -0.295537 0.673756 -0.677282
vn -0.180610 0.713211 -0.677282
vn -0.060756 0.733211 -0.677282
vn 0.060756 0.733211 -0.677282
vn 0.180610 0.713211 -0.677282
vn 0.295537 0.673756 -0.677282
vn 0.402403 0.615923 -0.677282
vn 0.498292 0.541290 -0.677282
vn 0.580590 0.451891 -0.677282
vn 0.647050 0.350166 -0.677282
vn 0.695860 0.238889 -0.677282
vn 0.725690 0.121096 -0.677282
vn 0.735724 0.000000 -0.677282
vn 0.725690 -0.121096 -0.677282
vn 0.695860 -0.238889 -0.677282
vn 0.647050 -0.350166 -0.677282
vn 0.580590 -0.451891 -0.677282
vn 0.498292 -0.541290 -0.677282
vn 0.402403 -0.615923 -0.677282
vn 0.295537 -0.673756 -0.677282
vn 0.180610 -0.713211 -0.677282
vn 0.060756 -0.733211 -0.677282
vn -0.060756 -0.733211 -0.677282
vn -0.180610 -0.713211 -0.677282
vn -0.295537 -0.673756 -0.677282
vn -0.402403 -0.615923 -0.677282
vn -0.498292 -0.541290 -0.677282
vn -0.580590 -0.451891 -0.677282
vn -0.647050 -0.350166 -0.677282
vn -0.695860 -0.238889 -0.677282
vn -0.725690 -0.121096 -0.677282
vn -0.837166 0.000000 -0.546948
vn -0.825749 0.137793 -0.546948
vn -0.791806 0.271828 -0.546948
vn -0.736266 0.398447 -0.546948
vn -0.660642 0.514198 -0.546948
vn -0.566997 0.615923 -0.546948
vn -0.457887 0.700848 -0.546948
vn -0.336286 0.766655 -0.546948
vn -0.205512 0.811549 -0.546948
vn -0.069133 0.834307 -0.546948
vn 0.069133 0.834307 -0.546948
vn 0.205512 0.811549 -0.546948
vn 0.336286 0.766655 -0.546948
vn 0.457887 0.700848 -0.546948
vn 0.566997 0.615923 -0.546948
vn 0.660642 0.514198 -0.546948
vn 0.736266 0.398447 -0.546948
vn 0.791806 0.271828 -0.546948
vn 0.825749 0.137793 -0.546948
vn 0.837166 0.000000 -0.546948
vn 0.825749 -0.137793 -0.546948
vn 0.791806 -0.271828 -0.546948
vn 0.736266 -0.398447 -0.546948
vn 0.660642 -0.514198 -0.546948
vn 0.566997 -0.615923 -0.546948
vn 0.457887 -0.700848 -0.546948
vn 0.336286 -0.766655 -0.546948
vn 0.205512 -0.811549 -0.546948
vn 0.069133 -0.834307 -0.546948
vn -0.069133 -0.834307 -0.546948
vn -0.205512 -0.811549 -0.546948
vn -0.336286 -0.766655 -0.546948
vn -0.457887 -0.700848 -0.546948
vn -0.566997 -0.615923 -0.546948
vn -0.660642 -0.514198 -0.546948
vn -0.736266 -0.398447 -0.546948
vn -0.791806 -0.271828 -0.546948
vn -0.825749 -0.137793 -0.546948
vn -0.915773 -0.000000 -0.401695
vn -0.903283 0.150731 -0.401695
vn -0.866154 0.297351 -0.401695
vn -0.805399 0.435860 -0.401695
vn -0.722674 0.562480 -0.401695
vn -0.620236 0.673756 -0.401695
vn -0.500881 0.766655 -0.401695
vn -0.367862 0.838641 -0.401695
vn -0.224809 0.887751 -0.401695
vn -0.075624 0.912645 -0.401695
vn 0.075624 0.912645 -0.401695
vn 0.224809 0.887751 -0.401695
vn 0.367862 0.838641 -0.401695
vn 0.500881 0.766655 -0.401695
vn 0.620236 0.673756 -0.401695
vn 0.722674 0.562480 -0.401695
vn 0.805399 0.435860 -0.401695
vn 0.866154 0.297351 -0.401695
vn 0.903283 0.150731 -0.401695
vn 0.915773 0.000000 -0.401695
vn 0.903283 -0.150731 -0.401695
vn 0.866154 -0.297351 -0.401695
vn 0.805399 -0.435860 -0.401695
vn 0.722674 -0.562480 -0.401695
vn 0.620236 -0.673756 -0.401695
vn 0.500881 -0.766655 -0.401695
vn 0.367862 -0.838641 -0.401695
vn 0.224809 -0.887751 -0.401695
vn 0.075624 -0.912645 -0.401695
vn -0.075624 -0.912645 -0.401695
vn -0.224809 -0.887751 -0.401695
vn -0.367862 -0.838641 -0.401695
vn -0.500881 -0.766655 -0.401695
vn -0.620236 -0.673756 -0.401695
vn -0.722674 -0.562480 -0.401695
vn -0.805399 -0.435860 -0.401695
vn -0.866154 -0.297351 -0.401695
vn -0.903283 -0.150731 -0.401695
vn -0.969400 -0.000000 -0.245485
vn -0.956179 0.159558 -0.245485
vn -0.916875 0.314764 -0.245485
vn -0.852562 0.461384 -0.245485
vn -0.764993 0.595418 -0.245485
vn -0.656557 0.713211 -0.245485
vn -0.530212 0.811549 -0.245485
vn -0.389404 0.887751 -0.245485
vn -0.237974 0.939737 -0.245485
vn -0.080052 0.966089 -0.245485
vn 0.080052 0.966089 -0.245485
vn 0.237974 0.939737 -0.245485
vn 0.389404 0.887751 -0.245485
vn 0.530212 0.811549 -0.245485
vn 0.656557 0.713211 -0.245485
vn 0.764993 0.595418 -0.245485
vn 0.852562 0.461384 -0.245485
vn 0.916875 0.314764 -0.245485
vn 0.956179 0.159558 -0.245485
vn 0.969400 0.000000 -0.245485
vn 0.956179 -0.159558 -0.245485
vn 0.916875 -0.314764 -0.245485
vn 0.852562 -0.461384 -0.245485
vn 0.764993 -0.595418 -0.245485
vn 0.656557 -0.713211 -0.245485
vn 0.530212 -0.811549 -0.245485
vn 0.389404 -0.887751 -0.245485
vn 0.237974 -0.939737 -0.245485
vn 0.080052 -0.966089 -0.245485
vn -0.080052 -0.966089 -0.245485
vn -0.237974 -0.939737 -0.245485
vn -0.389404 -0.887751 -0.245485
vn -0.530212 -0.811549 -0.245485
vn -0.656557 -0.713211 -0.245485
vn -0.764993 -0.595418 -0.245485
vn -0.852562 -0.461384 -0.245485
vn -0.916875 -0.314764 -0.245485
vn -0.956179 -0.159558 -0.245485
vn -0.996584 -0.000000 -0.082579
vn -0.982992 0.164032 -0.082579
vn -0.942587 0.323590 -0.082579
vn -0.876470 0.474322 -0.082579
vn -0.786445 0.612115 -0.082579
vn -0.674968 0.733211 -0.082579
vn -0.545080 0.834307 -0.082579
vn -0.400323 0.912645 -0.082579
vn -0.244647 0.966089 -0.082579
vn -0.082297 0.993181 -0.082579
vn 0.082297 0.993181 -0.082579
vn 0.244647 0.966089 -0.082579
vn 0.400323 0.912645 -0.082579
vn 0.545080 0.834307 -0.082579
vn 0.674968 0.733211 -0.082579
vn 0.786445 0.612115 -0.082579
vn 0.876470 0.474322 -0.082579
vn 0.942587 0.323590 -0.082579
vn 0.982992 0.164032 -0.082579
vn 0.996584 0.000000 -0.082579
vn 0.982992 -0.164032 -0.082579
vn 0.942587 -0.323590 -0.082579
vn 0.876470 -0.474322 -0.082579
vn 0.786445 -0.612115 -0.082579
vn 0.674968 -0.733211 -0.082579
vn 0.545080 -0.834307 -0.082579
vn 0.400323 -0.912645 -0.082579
vn 0.244647 -0.966089 -0.082579
vn 0.082297 -0.993181 -0.082579
vn -0.082297 -0.993181 -0.082579
vn -0.244647 -0.966089 -0.082579
vn -0.400323 -0.912645 -0.082579
vn -0.545080 -0.834307 -0.082579
vn -0.674968 -0.733211 -0.082579
vn -0.786445 -0.612115 -0.082579
vn -0.876470 -0.474322 -0.082579
vn -0.942587 -0.323590 -0.082579
vn -0.982992 -0.164032 -0.082579
vn -0.996584 -0.000000 0.082579
vn -0.982992 0.164032 0.082579
vn -0.942587 0.323590 0.082579
vn -0.876470 0.474322 0.082579
vn -0.786445 0.612115 0.082579
vn -0.674968 0.733211 0.082579
vn -0.545080 0.834307 0.082579
vn -0.400323 0.912645 0.082579
vn -0.244647 0.966089 0.082579
vn -0.082297 0.993181 0.082579
vn 0.082297 0.993181 0.082579
vn 0.244647 0.966089 0.082579
vn 0.400323 0.912645 0.082579
vn 0.545080 0.834307 0.082579
vn 0.674968 0.733211 0.082579
vn 0.786445 0.612115 0.082579
vn 0.876470 0.474322 0.082579
vn 0.942587 0.323590 0.082579
vn 0.982992 0.164032 0.082579
vn 0.996584 0.000000 0.082579
vn 0.982992 -0.164032 0.082579
vn 0.942587 -0.323590 0.082579
vn 0.876470 -0.474322 0.082579
vn 0.786445 -0.612115 0.082579
vn 0.674968 -0.733211 0.082579
vn 0.545080 -0.834307 0.082579
vn 0.400323 -0.912645 0.082579
vn 0.244647 -0.966089 0.082579
vn 0.082297 -0.993181 0.082579
vn -0.082297 -0.993181 0.082579
vn -0.244647 -0.966089 0.082579
vn -0.400323 -0.912645 0.082579
vn -0.545080 -0.834307 0.082579
vn -0.674968 -0.733211 0.082579
vn -0.786445 -0.612115 0.082579
vn -0.876470 -0.474322 0.082579
vn -0.942587 -0.323590 0.082579
vn -0.982992 -0.164032 0.082579
vn -0.969400 -0.000000 0.245485
vn -0.956179 0.159558 0.245485
vn -0.916875 0.314764 0.245485
vn -0.852562 0.461384 0.245485
vn -0.764993 0.595418 0.245485
vn -0.656557 0.713211 0.245485
vn -0.530212 0.811549 0.245485
vn -0.389404 0.887751 0.245485
vn -0.237974 0.939737 0.245485
vn -0.080052 0.966089 0.245485
vn 0.080052 0.966089 0.245485
vn 0.237974 0.939737 0.245485
vn 0.389404 0.887751 0.245485
vn 0.530212 0.811549 0.245485
vn 0.656557 0.713211 0.245485
vn 0.764993 0.595418 0.245485
vn 0.852562 0.461384 0.245485
vn 0.916875 0.314764 0.245485
vn 0.956179 0.159558 0.245485
vn 0.969400 0.000000 0.245485
vn 0.956179 -0.159558 0.245485
vn 0.916875 -0.314764 0.245485
vn 0.852562 -0.461384 0.245485
vn 0.764993 -0.595418 0.245485
vn 0.656557 -0.713211 0.245485
vn 0.530212 -0.811549 0.245485
vn 0.389404 -0.887751 0.245485
vn 0.237974 -0.939737 0.245485
vn 0.080052 -0.966089 0.245485
vn -0.080052 -0.966089 0.245485
vn -0.237974 -0.939737 0.245485
vn -0.389404 -0.887751 0.245485
vn -0.530212 -0.811549 0.245485
vn -0.656557 -0.713211 0.245485
vn -0.764993 -0.595418 0.245485
vn -0.852562 -0.461384 0.245485
vn -0.916875 -0.314764 0.245485
vn -0.956179 -0.159558 0.245485
vn -0.915773 -0.000000 0.401695
vn -0.903283 0.150731 0.401695
vn -0.866154 0.297351 0.401695
vn -0.805399 0.435860 0.401695
vn -0.722674 0.562480 0.401695
vn -0.620236 0.673756 0.401695
vn -0.500881 0.766655 0.401695
vn -0.367862 0.838641 0.401695
vn -0.224809 0.887751 0.401695
vn -0.075624 0.912645 0.401695
vn 0.075624 0.912645 0.401695
vn 0.224809 0.887751 0.401695
vn 0.367862 0.838641 0.401695
vn 0.500881 0.766655 0.401695
vn 0.620236 0.673756 0.401695
vn 0.722674 0.562480 0.401695
vn 0.805399 0.435860 0.401695
vn 0.866154 0.297351 0.401695
vn 0.903283 0.150731 0.401695
vn 0.915773 0.000000 0.401695
vn 0.903283 -0.150731 0.401695
vn 0.866154 -0.297351 0.401695
vn 0.805399 -0.435860 0.401695
vn 0.722674 -0.562480 0.401695
vn 0.620236 -0.673756 0.401695
vn 0.500881 -0.766655 0.401695
vn 0.367862 -0.838641 0.401695
vn 0.224809 -0.887751 0.401695
vn 0.075624 -0.912645 0.401695
vn -0.075624 -0.912645 0.401695
vn -0.224809 -0.887751 0.401695
vn -0.367862 -0.838641 0.401695
vn -0.500881 -0.766655 0.401695
vn -0.620236 -0.673756 0.401695
vn -0.722674 -0.562480 0.401695
vn -0.805399 -0.435860 0.401695
vn -0.866154 -0.297351 0.401695
vn -0.903283 -0.150731 0.401695
vn -0.837166 0.000000 0.546948
vn -0.825749 0.137793 0.546948
vn -0.791806 0.271828 0.546948
vn -0.736266 0.398447 0.546948
vn -0.660642 0.514198 0.546948
vn -0.566997 0.615923 0.546948
vn -0.457887 0.700848 0.546948
vn -0.336286 0.766655 0.546948
vn -0.205512 0.811549 0.546948
vn -0.069133 0.834307 0.546948
vn 0.069133 0.834307 0.546948
vn 0.205512 0.811549 0.546948
vn 0.336286 0.766655 0.546948
vn 0.457887 0.700848 0.546948
vn 0.566997 0.615923 0.546948
vn 0.660642 0.514198 0.546948
vn 0.736266 0.398447 0.546948
vn 0.791806 0.271828 0.546948
vn 0.825749 0.137793 0.546948
vn 0.837166 0.000000 0.546948
vn 0.825749 -0.137793 0.546948
vn 0.791806 -0.271828 0.546948
vn 0.736266 -0.398447 0.546948
vn 0.660642 -0.514198 0.546948
vn 0.566997 -0.615923 0.546948
vn 0.457887 -0.700848 0.546948
vn 0.336286 -0.766655 0.546948
vn 0.205512 -0.811549 0.546948
vn 0.069133 -0.834307 0.546948
vn -0.069133 -0.834307 0.546948
vn -0.205512 -0.811549 0.546948
vn -0.336286 -0.766655 0.546948
vn -0.457887 -0.700848 0.546948
vn -0.566997 -0.615923 0.546948
vn -0.660642 -0.514198 0.546948
vn -0.736266 -0.398447 0.546948
vn -0.791806 -0.271828 0.546948
vn -0.825749 -0.137793 0.546948
vn -0.735724 0.000000 0.677282
vn -0.725690 0.121096 0.677282
vn -0.695860 0.238889 0.677282
vn -0.647050 0.350166 0.677282
vn -0.580590 0.451891 0.677282
vn -0.498292 0.541290 0.677282
vn -0.402403 0.615923 0.677282
vn -0.295537 0.673756 0.677282
vn -0.180610 0.713211 0.677282
vn -0.060756 0.733211 0.677282
vn 0.060756 0.733211 0.677282
vn 0.180610 0.713211 0.677282
vn 0.295537 0.673756 0.677282
vn 0.402403 0.615923 0.677282
vn 0.498292 0.541290 0.677282
vn 0.580590 0.451891 0.677282
vn 0.647050 0.350166 0.677282
vn 0.695860 0.238889 0.677282
vn 0.725690 0.121096 0.677282
vn 0.735724 0.000000 0.677282
vn 0.725690 -0.121096 0.677282
vn 0.695860 -0.238889 0.677282
vn 0.647050 -0.350166 0.677282
vn 0.580590 -0.451891 0.677282
vn 0.498292 -0.541290 0.677282
vn 0.402403 -0.615923 0.677282
vn 0.295537 -0.673756 0.677282
vn 0.180610 -0.713211 0.677282
vn 0.060756 -0.733211 0.677282
vn -0.060756 -0.733211 0.677282
vn -0.180610 -0.713211 0.677282
vn -0.295537 -0.673756 0.677282
vn -0.402403 -0.615923 0.677282
vn -0.498292 -0.541290 0.677282
vn -0.580590 -0.451891 0.677282
vn -0.647050 -0.350166 0.677282
vn -0.695860 -0.238889 0.677282
vn -0.725690 -0.121096 0.677282
vn -0.614213 0.000000 0.789141
vn -0.605836 0.101096 0.789141
vn -0.580933 0.199435 0.789141
vn -0.540184 0.292333 0.789141
vn -0.484700 0.377257 0.789141
vn -0.415995 0.451891 0.789141
vn -0.335943 0.514198 0.789141
vn -0.246726 0.562480 0.789141
vn -0.150780 0.595418 0.789141
vn -0.050721 0.612115 0.789141
vn 0.050721 0.612115 0.789141
vn 0.150780 0.595418 0.789141
vn 0.246726 0.562480 0.789141
vn 0.335943 0.514198 0.789141
vn 0.415995 0.451891 0.789141
vn 0.484700 0.377257 0.789141
vn 0.540184 0.292333 0.789141
vn 0.580933 0.199435 0.789141
vn 0.605836 0.101096 0.789141
vn 0.614213 0.000000 0.789141
vn 0.605836 -0.101096 0.789141
vn 0.580933 -0.199435 0.789141
vn 0.540184 -0.292333 0.789141
vn 0.484700 -0.377257 0.789141
vn 0.415995 -0.451891 0.789141
vn 0.335943 -0.514198 0.789141
vn 0.246726 -0.562480 0.789141
vn 0.150780 -0.595418 0.789141
vn 0.050721 -0.612115 0.789141
vn -0.050721 -0.612115 0.789141
vn -0.150780 -0.595418 0.789141
vn -0.246726 -0.562480 0.789141
vn -0.335943 -0.514198 0.789141
vn -0.415995 -0.451891 0.789141
vn -0.484700 -0.377257 0.789141
vn -0.540184 -0.292333 0.789141
vn -0.580933 -0.199435 0.789141
vn -0.605836 -0.101096 0.789141
vn -0.475947 0.000000 0.879474
vn -0.469456 0.078338 0.879474
vn -0.450159 0.154540 0.879474
vn -0.418583 0.226526 0.879474
vn -0.375589 0.292333 0.879474
vn -0.322350 0.350166 0.879474
vn -0.260319 0.398447 0.879474
vn -0.191186 0.435860 0.879474
vn -0.116838 0.461384 0.879474
vn -0.039303 0.474322 0.879474
vn 0.039303 0.474322 0.879474
vn 0.116838 0.461384 0.879474
vn 0.191186 0.435860 0.879474
vn 0.260319 0.398447 0.879474
vn 0.322350 0.350166 0.879474
vn 0.375589 0.292333 0.879474
vn 0.418583 0.226526 0.879474
vn 0.450159 0.154540 0.879474
vn 0.469456 0.078338 0.879474
vn 0.475947 0.000000 0.879474
vn 0.469456 -0.078338 0.879474
vn 0.450159 -0.154540 0.879474
vn 0.418583 -0.226526 0.879474
vn 0.375589 -0.292333 0.879474
vn 0.322350 -0.350166 0.879474
vn 0.260319 -0.398447 0.879474
vn 0.191186 -0.435860 0.879474
vn 0.116838 -0.461384 0.879474
vn 0.039303 -0.474322 0.879474
vn -0.039303 -0.474322 0.879474
vn -0.116838 -0.461384 0.879474
vn -0.191186 -0.435860 0.879474
vn -0.260319 -0.398447 0.879474
vn -0.322350 -0.350166 0.879474
vn -0.375589 -0.292333 0.879474
vn -0.418583 -0.226526 0.879474
vn -0.450159 -0.154540 0.879474
vn -0.469456 -0.078338 0.879474
vn -0.324699 0.000000 0.945817
vn -0.320271 0.053444 0.945817
vn -0.307106 0.105430 0.945817
vn -0.285565 0.154540 0.945817
vn -0.256234 0.199435 0.945817
vn -0.219913 0.238889 0.945817
vn -0.177594 0.271828 0.945817
vn -0.130430 0.297351 0.945817
vn -0.079709 0.314764 0.945817
vn -0.026813 0.323590 0.945817
vn 0.026813 0.323590 0.945817
vn 0.079709 0.314764 0.945817
vn 0.130430 0.297351 0.945817
vn 0.177594 0.271828 0.945817
vn 0.219913 0.238889 0.945817
vn 0.256234 0.199435 0.945817
vn 0.285565 0.154540 0.945817
vn 0.307106 0.105430 0.945817
vn 0.320271 0.053444 0.945817
vn 0.324699 0.000000 0.945817
vn 0.320271 -0.053444 0.945817
vn 0.307106 -0.105430 0.945817
vn 0.285565 -0.154540 0.945817
vn 0.256234 -0.199435 0.945817
vn 0.219913 -0.238889 0.945817
vn 0.177594 -0.271828 0.945817
vn 0.130430 -0.297351 0.945817
vn 0.079709 -0.314764 0.945817
vn 0.026813 -0.323590 0.945817
vn -0.026813 -0.323590 0.945817
vn -0.079709 -0.314764 0.945817
vn -0.130430 -0.297351 0.945817
vn -0.177594 -0.271828 0.945817
vn -0.219913 -0.238889 0.945817
vn -0.256234 -0.199435 0.945817
vn -0.285565 -0.154540 0.945817
vn -0.307106 -0.105430 0.945817
vn -0.320271 -0.053444 0.945817
usemtl Plastic_-_Matte_(Red)
f 101/25/25 10/26/26 119/27/27
f 119/27/27 10/28/26 137/29/28
f 137/29/28 10/30/26 155/31/29
f 155/31/29 10/32/26 173/33/30
f 173/33/30 10/34/26 191/35/31
f 191/35/31 10/36/26 209/37/32
f 209/37/32 10/38/26 227/39/33
f 227/39/33 10/40/26 245/41/34
f 245/41/34 10/42/26 263/43/35
f 263/43/35 10/44/26 281/45/36
f 281/45/36 10/46/26 299/47/37
f 299/47/37 10/48/26 317/49/38
f 317/49/38 10/50/26 335/51/39
f 335/51/39 10/52/26 353/53/40
f 353/53/40 10/54/26 371/55/41
f 371/55/41 10/56/26 389/57/42
f 389/57/42 10/58/26 64/59/43
f 64/59/43 10/60/26 29/61/44
f 47/62/45 9/63/46 406/64/47
f 406/64/47 9/65/46 388/66/48
f 388/66/48 9/67/46 370/68/49
f 370/68/49 9/69/46 352/70/50
f 352/70/50 9/71/46 334/72/51
f 334/72/51 9/73/46 316/74/52
f 316/74/52 9/75/46 298/76/53
f 298/76/53 9/77/46 280/78/54
f 280/78/54 9/79/46 262/80/55
f 262/80/55 9/81/46 244/82/56
f 244/82/56 9/83/46 226/84/57
f 226/84/57 9/85/46 208/86/58
f 208/86/58 9/87/46 190/88/59
f 190/88/59 9/89/46 172/90/60
f 172/90/60 9/91/46 154/92/61
f 154/92/61 9/93/46 136/94/62
f 136/94/62 9/95/46 118/96/63
f 118/96/63 9/97/46 11/98/64
f 83/99/65 9/100/46 407/101/66
f 407/101/66 9/102/46 425/103/67
f 425/103/67 9/104/46 443/105/68
f 443/105/68 9/106/46 461/107/69
f 461/107/69 9/108/46 479/109/70
f 479/109/70 9/110/46 497/111/71
f 497/111/71 9/112/46 515/113/72
f 515/113/72 9/114/46 533/115/73
f 533/115/73 9/116/46 551/117/74
f 551/117/74 9/118/46 569/119/75
f 569/119/75 9/120/46 587/121/76
f 587/121/76 9/122/46 605/123/77
f 605/123/77 9/124/46 623/125/78
f 623/125/78 9/126/46 641/127/79
f 641/127/79 9/128/46 659/129/80
f 659/129/80 9/130/46 677/131/81
f 677/131/81 9/132/46 82/133/82
f 82/133/82 9/134/46 46/135/83
f 65/136/84 10/137/26 694/138/85
f 694/138/85 10/139/26 676/140/86
f 676/140/86 10/141/26 658/142/87
f 658/142/87 10/143/26 640/144/88
f 640/144/88 10/145/26 622/146/89
f 622/146/89 10/147/26 604/148/90
f 604/148/90 10/149/26 586/150/91
f 586/150/91 10/151/26 568/152/92
f 568/152/92 10/153/26 550/154/93
f 550/154/93 10/155/26 532/156/94
f 532/156/94 10/157/26 514/158/95
f 514/158/95 10/159/26 496/160/96
f 496/160/96 10/161/26 478/162/97
f 478/162/97 10/163/26 460/164/98
f 460/164/98 10/165/26 442/166/99
f 442/166/99 10/167/26 424/168/100
f 424/168/100 10/169/26 100/170/101
f 100/170/101 10/171/26 28/172/102
f 11/98/64 12/173/103 118/96/63
f 118/96/63 12/173/103 117/174/104
f 118/96/63 117/174/104 136/94/62
f 136/94/62 117/174/104 135/175/105
f 136/94/62 135/175/105 154/92/61
f 154/92/61 135/175/105 153/176/106
f 154/92/61 153/176/106 172/90/60
f 172/90/60 153/176/106 171/177/107
f 172/90/60 171/177/107 190/88/59
f 190/88/59 171/177/107 189/178/108
f 190/88/59 189/178/108 208/86/58
f 208/86/58 189/178/108 207/179/109
f 208/86/58 207/179/109 226/84/57
f 226/84/57 207/179/109 225/180/110
f 226/84/57 225/180/110 244/82/56
f 244/82/56 225/180/110 243/181/111
f 244/82/56 243/181/111 262/80/55
f 262/80/55 243/181/111 261/182/112
f 262/80/55 261/182/112 280/78/54
f 280/78/54 261/182/112 279/183/113
f 280/78/54 279/183/113 298/76/53
f 298/76/53 279/183/113 297/184/114
f 298/76/53 297/184/114 316/74/52
f 316/74/52 297/184/114 315/185/115
f 316/74/52 315/185/115 334/72/51
f 334/72/51 315/185/115 333/186/116
f 334/72/51 333/186/116 352/70/50
f 352/70/50 333/186/116 351/187/117
f 352/70/50 351/187/117 370/68/49
f 370/68/49 351/187/117 369/188/118
f 370/68/49 369/188/118 388/66/48
f 388/66/48 369/188/118 387/189/119
f 388/66/48 387/189/119 406/64/47
f 406/64/47 387/189/119 405/190/120
f 406/64/47 405/190/120 47/62/45
f 47/62/45 405/190/120 48/191/121
f 47/62/45 48/191/121 46/192/83
f 46/192/83 48/191/121 45/193/122
f 46/135/83 45/194/122 82/133/82
f 82/133/82 45/194/122 81/195/123
f 82/133/82 81/195/123 677/131/81
f 677/131/81 81/195/123 678/196/124
f 677/131/81 678/196/124 659/129/80
f 659/129/80 678/196/124 660/197/125
f 659/129/80 660/197/125 641/127/79
f 641/127/79 660/197/125 642/198/126
f 641/127/79 642/198/126 623/125/78
f 623/125/78 642/198/126 624/199/127
f 623/125/78 624/199/127 605/123/77
f 605/123/77 624/199/127 606/200/128
f 605/123/77 606/200/128 587/121/76
f 587/121/76 606/200/128 588/201/129
f 587/121/76 588/201/129 569/119/75
f 569/119/75 588/201/129 570/202/130
f 569/119/75 570/202/130 551/117/74
f 551/117/74 570/202/130 552/203/131
f 551/117/74 552/203/131 533/115/73
f 533/115/73 552/203/131 534/204/132
f 533/115/73 534/204/132 515/113/72
f 515/113/72 534/204/132 516/205/133
f 515/113/72 516/205/133 497/111/71
f 497/111/71 516/205/133 498/206/134
f 497/111/71 498/206/134 479/109/70
f 479/109/70 498/206/134 480/207/135
f 479/109/70 480/207/135 461/107/69
f 461/107/69 480/207/135 462/208/136
f 461/107/69 462/208/136 443/105/68
f 443/105/68 462/208/136 444/209/137
f 443/105/68 444/209/137 425/103/67
f 425/103/67 444/209/137 426/210/138
f 425/103/67 426/210/138 407/101/66
f 407/101/66 426/210/138 408/211/139
f 407/101/66 408/211/139 83/99/65
f 83/99/65 408/211/139 84/212/140
f 83/99/65 84/212/140 11/98/64
f 11/98/64 84/212/140 12/173/103
f 11/98/64 9/213/46 83/99/65
f 12/173/103 13/214/141 117/174/104
f 117/174/104 13/214/141 116/215/142
f 117/174/104 116/215/142 135/175/105
f 135/175/105 116/215/142 134/216/143
f 135/175/105 134/216/143 153/176/106
f 153/176/106 134/216/143 152/217/144
f 153/176/106 152/217/144 171/177/107
f 171/177/107 152/217/144 170/218/145
f 171/177/107 170/218/145 189/178/108
f 189/178/108 170/218/145 188/219/146
f 189/178/108 188/219/146 207/179/109
f 207/179/109 188/219/146 206/220/147
f 207/179/109 206/220/147 225/180/110
f 225/180/110 206/220/147 224/221/148
f 225/180/110 224/221/148 243/181/111
f 243/181/111 224/221/148 242/222/149
f 243/181/111 242/222/149 261/182/112
f 261/182/112 242/222/149 260/223/150
f 261/182/112 260/223/150 279/183/113
f 279/183/113 260/223/150 278/224/151
f 279/183/113 278/224/151 297/184/114
f 297/184/114 278/224/151 296/225/152
f 297/184/114 296/225/152 315/185/115
f 315/185/115 296/225/152 314/226/153
f 315/185/115 314/226/153 333/186/116
f 333/186/116 314/226/153 332/227/154
f 333/186/116 332/227/154 351/187/117
f 351/187/117 332/227/154 350/228/155
f 351/187/117 350/228/155 369/188/118
f 369/188/118 350/228/155 368/229/156
f 369/188/118 368/229/156 387/189/119
f 387/189/119 368/229/156 386/230/157
f 387/189/119 386/230/157 405/190/120
f 405/190/120 386/230/157 404/231/158
f 405/190/120 404/231/158 48/191/121
f 48/191/121 404/231/158 49/232/159
f 48/191/121 49/232/159 45/193/122
f 45/193/122 49/232/159 44/233/160
f 45/194/122 44/234/160 81/195/123
f 81/195/123 44/234/160 80/235/161
f 81/195/123 80/235/161 678/196/124
f 678/196/124 80/235/161 679/236/162
f 678/196/124 679/236/162 660/197/125
f 660/197/125 679/236/162 661/237/163
f 660/197/125 661/237/163 642/198/126
f 642/198/126 661/237/163 643/238/164
f 642/198/126 643/238/164 624/199/127
f 624/199/127 643/238/164 625/239/165
f 624/199/127 625/239/165 606/200/128
f 606/200/128 625/239/165 607/240/166
f 606/200/128 607/240/166 588/201/129
f 588/201/129 607/240/166 589/241/167
f 588/201/129 589/241/167 570/202/130
f 570/202/130 589/241/167 571/242/168
f 570/202/130 571/242/168 552/203/131
f 552/203/131 571/242/168 553/243/169
f 552/203/131 553/243/169 534/204/132
f 534/204/132 553/243/169 535/244/170
f 534/204/132 535/244/170 516/205/133
f 516/205/133 535/244/170 517/245/171
f 516/205/133 517/245/171 498/206/134
f 498/206/134 517/245/171 499/246/172
f 498/206/134 499/246/172 480/207/135
f 480/207/135 499/246/172 481/247/173
f 480/207/135 481/247/173 462/208/136
f 462/208/136 481/247/173 463/248/174
f 462/208/136 463/248/174 444/209/137
f 444/209/137 463/248/174 445/249/175
f 444/209/137 445/249/175 426/210/138
f 426/210/138 445/249/175 427/250/176
f 426/210/138 427/250/176 408/211/139
f 408/211/139 427/250/176 409/251/177
f 408/211/139 409/251/177 84/212/140
f 84/212/140 409/251/177 85/252/178
f 84/212/140 85/252/178 12/173/103
f 12/173/103 85/252/178 13/214/141
f 13/214/141 14/253/179 116/215/142
f 116/215/142 14/253/179 115/254/180
f 116/215/142 115/254/180 134/216/143
f 134/216/143 115/254/180 133/255/181
f 134/216/143 133/255/181 152/217/144
f 152/217/144 133/255/181 151/256/182
f 152/217/144 151/256/182 170/218/145
f 170/218/145 151/256/182 169/257/183
f 170/218/145 169/257/183 188/219/146
f 188/219/146 169/257/183 187/258/184
f 188/219/146 187/258/184 206/220/147
f 206/220/147 187/258/184 205/259/185
f 206/220/147 205/259/185 224/221/148
f 224/221/148 205/259/185 223/260/186
f 224/221/148 223/260/186 242/222/149
f 242/222/149 223/260/186 241/261/187
f 242/222/149 241/261/187 260/223/150
f 260/223/150 241/261/187 259/262/188
f 260/223/150 259/262/188 278/224/151
f 278/224/151 259/262/188 277/263/189
f 278/224/151 277/263/189 296/225/152
f 296/225/152 277/263/189 295/264/190
f 296/225/152 295/264/190 314/226/153
f 314/226/153 295/264/190 313/265/191
f 314/226/153 313/265/191 332/227/154
f 332/227/154 313/265/191 331/266/192
f 332/227/154 331/266/192 350/228/155
f 350/228/155 331/266/192 349/267/193
f 350/228/155 349/267/193 368/229/156
f 368/229/156 349/267/193 367/268/194
f 368/229/156 367/268/194 386/230/157
f 386/230/157 367/268/194 385/269/195
f 386/230/157 385/269/195 404/231/158
f 404/231/158 385/269/195 403/270/196
f 404/231/158 403/270/196 49/232/159
f 49/232/159 403/270/196 50/271/197
f 49/232/159 50/271/197 44/233/160
f 44/233/160 50/271/197 43/272/198
f 44/234/160 43/273/198 80/235/161
f 80/235/161 43/273/198 79/274/199
f 80/235/161 79/274/199 679/236/162
f 679/236/162 79/274/199 680/275/200
f 679/236/162 680/275/200 661/237/163
f 661/237/163 680/275/200 662/276/201
f 661/237/163 662/276/201 643/238/164
f 643/238/164 662/276/201 644/277/202
f 643/238/164 644/277/202 625/239/165
f 625/239/165 644/277/202 626/278/203
f 625/239/165 626/278/203 607/240/166
f 607/240/166 626/278/203 608/279/204
f 607/240/166 608/279/204 589/241/167
f 589/241/167 608/279/204 590/280/205
f 589/241/167 590/280/205 571/242/168
f 571/242/168 590/280/205 572/281/206
f 571/242/168 572/281/206 553/243/169
f 553/243/169 572/281/206 554/282/207
f 553/243/169 554/282/207 535/244/170
f 535/244/170 554/282/207 536/283/208
f 535/244/170 536/283/208 517/245/171
f 517/245/171 536/283/208 518/284/209
f 517/245/171 518/284/209 499/246/172
f 499/246/172 518/284/209 500/285/210
f 499/246/172 500/285/210 481/247/173
f 481/247/173 500/285/210 482/286/211
f 481/247/173 482/286/211 463/248/174
f 463/248/174 482/286/211 464/287/212
f 463/248/174 464/287/212 445/249/175
f 445/249/175 464/287/212 446/288/213
f 445/249/175 446/288/213 427/250/176
f 427/250/176 446/288/213 428/289/214
f 427/250/176 428/289/214 409/251/177
f 409/251/177 428/289/214 410/290/215
f 409/251/177 410/290/215 85/252/178
f 85/252/178 410/290/215 86/291/216
f 85/252/178 86/291/216 13/214/141
f 13/214/141 86/291/216 14/253/179
f 14/253/179 15/292/217 115/254/180
f 115/254/180 15/292/217 114/293/218
f 115/254/180 114/293/218 133/255/181
f 133/255/181 114/293/218 132/294/219
f 133/255/181 132/294/219 151/256/182
f 151/256/182 132/294/219 150/295/220
f 151/256/182 150/295/220 169/257/183
f 169/257/183 150/295/220 168/296/221
f 169/257/183 168/296/221 187/258/184
f 187/258/184 168/296/221 186/297/222
f 187/258/184 186/297/222 205/259/185
f 205/259/185 186/297/222 204/298/223
f 205/259/185 204/298/223 223/260/186
f 223/260/186 204/298/223 222/299/224
f 223/260/186 222/299/224 241/261/187
f 241/261/187 222/299/224 240/300/225
f 241/261/187 240/300/225 259/262/188
f 259/262/188 240/300/225 258/301/226
f 259/262/188 258/301/226 277/263/189
f 277/263/189 258/301/226 276/302/227
f 277/263/189 276/302/227 295/264/190
f 295/264/190 276/302/227 294/303/228
f 295/264/190 294/303/228 313/265/191
f 313/265/191 294/303/228 312/304/229
f 313/265/191 312/304/229 331/266/192
f 331/266/192 312/304/229 330/305/230
f 331/266/192 330/305/230 349/267/193
f 349/267/193 330/305/230 348/306/231
f 349/267/193 348/306/231 367/268/194
f 367/268/194 348/306/231 366/307/232
f 367/268/194 366/307/232 385/269/195
f 385/269/195 366/307/232 384/308/233
f 385/269/195 384/308/233 403/270/196
f 403/270/196 384/308/233 402/309/234
f 403/270/196 402/309/234 50/271/197
f 50/271/197 402/309/234 51/310/235
f 50/271/197 51/310/235 43/272/198
f 43/272/198 51/310/235 42/311/236
f 43/273/198 42/312/236 79/274/199
f 79/274/199 42/312/236 78/313/237
f 79/274/199 78/313/237 680/275/200
f 680/275/200 78/313/237 681/314/238
f 680/275/200 681/314/238 662/276/201
f 662/276/201 681/314/238 663/315/239
f 662/276/201 663/315/239 644/277/202
f 644/277/202 663/315/239 645/316/240
f 644/277/202 645/316/240 626/278/203
f 626/278/203 645/316/240 627/317/241
f 626/278/203 627/317/241 608/279/204
f 608/279/204 627/317/241 609/318/242
f 608/279/204 609/318/242 590/280/205
f 590/280/205 609/318/242 591/319/243
f 590/280/205 591/319/243 572/281/206
f 572/281/206 591/319/243 573/320/244
f 572/281/206 573/320/244 554/282/207
f 554/282/207 573/320/244 555/321/245
f 554/282/207 555/321/245 536/283/208
f 536/283/208 555/321/245 537/322/246
f 536/283/208 537/322/246 518/284/209
f 518/284/209 537/322/246 519/323/247
f 518/284/209 519/323/247 500/285/210
f 500/285/210 519/323/247 501/324/248
f 500/285/210 501/324/248 482/286/211
f 482/286/211 501/324/248 483/325/249
f 482/286/211 483/325/249 464/287/212
f 464/287/212 483/325/249 465/326/250
f 464/287/212 465/326/250 446/288/213
f 446/288/213 465/326/250 447/327/251
f 446/288/213 447/327/251 428/289/214
f 428/289/214 447/327/251 429/328/252
f 428/289/214 429/328/252 410/290/215
f 410/290/215 429/328/252 411/329/253
f 410/290/215 411/329/253 86/291/216
f 86/291/216 411/329/253 87/330/254
f 86/291/216 87/330/254 14/253/179
f 14/253/179 87/330/254 15/292/217
f 15/292/217 16/331/255 114/293/218
f 114/293/218 16/331/255 113/332/256
f 114/293/218 113/332/256 132/294/219
f 132/294/219 113/332/256 131/333/257
f 132/294/219 131/333/257 150/295/220
f 150/295/220 131/333/257 149/334/258
f 150/295/220 149/334/258 168/296/221
f 168/296/221 149/334/258 167/335/259
f 168/296/221 167/335/259 186/297/222
f 186/297/222 167/335/259 185/336/260
f 186/297/222 185/336/260 204/298/223
f 204/298/223 185/336/260 203/337/261
f 204/298/223 203/337/261 222/299/224
f 222/299/224 203/337/261 221/338/262
f 222/299/224 221/338/262 240/300/225
f 240/300/225 221/338/262 239/339/263
f 240/300/225 239/339/263 258/301/226
f 258/301/226 239/339/263 257/340/264
f 258/301/226 257/340/264 276/302/227
f 276/302/227 257/340/264 275/341/265
f 276/302/227 275/341/265 294/303/228
f 294/303/228 275/341/265 293/342/266
f 294/303/228 293/342/266 312/304/229
f 312/304/229 293/342/266 311/343/267
f 312/304/229 311/343/267 330/305/230
f 330/305/230 311/343/267 329/344/268
f 330/305/230 329/344/268 348/306/231
f 348/306/231 329/344/268 347/345/269
f 348/306/231 347/345/269 366/307/232
f 366/307/232 347/345/269 365/346/270
f 366/307/232 365/346/270 384/308/233
f 384/308/233 365/346/270 383/347/271
f 384/308/233 383/347/271 402/309/234
f 402/309/234 383/347/271 401/348/272
f 402/309/234 401/348/272 51/310/235
f 51/310/235 401/348/272 52/349/273
f 51/310/235 52/349/273 42/311/236
f 42/311/236 52/349/273 41/350/274
f 42/312/236 41/351/274 78/313/237
f 78/313/237 41/351/274 77/352/275
f 78/313/237 77/352/275 681/314/238
f 681/314/238 77/352/275 682/353/276
f 681/314/238 682/353/276 663/315/239
f 663/315/239 682/353/276 664/354/277
f 663/315/239 664/354/277 645/316/240
f 645/316/240 664/354/277 646/355/278
f 645/316/240 646/355/278 627/317/241
f 627/317/241 646/355/278 628/356/279
f 627/317/241 628/356/279 609/318/242
f 609/318/242 628/356/279 610/357/280
f 609/318/242 610/357/280 591/319/243
f 591/319/243 610/357/280 592/358/281
f 591/319/243 592/358/281 573/320/244
f 573/320/244 592/358/281 574/359/282
f 573/320/244 574/359/282 555/321/245
f 555/321/245 574/359/282 556/360/283
f 555/321/245 556/360/283 537/322/246
f 537/322/246 556/360/283 538/361/284
f 537/322/246 538/361/284 519/323/247
f 519/323/247 538/361/284 520/362/285
f 519/323/247 520/362/285 501/324/248
f 501/324/248 520/362/285 502/363/286
f 501/324/248 502/363/286 483/325/249
f 483/325/249 502/363/286 484/364/287
f 483/325/249 484/364/287 465/326/250
f 465/326/250 484/364/287 466/365/288
f 465/326/250 466/365/288 447/327/251
f 447/327/251 466/365/288 448/366/289
f 447/327/251 448/366/289 429/328/252
f 429/328/252 448/366/289 430/367/290
f 429/328/252 430/367/290 411/329/253
f 411/329/253 430/367/290 412/368/291
f 411/329/253 412/368/291 87/330/254
f 87/330/254 412/368/291 88/369/292
f 87/330/254 88/369/292 15/292/217
f 15/292/217 88/369/292 16/331/255
f 16/331/255 17/370/293 113/332/256
f 113/332/256 17/370/293 112/371/294
f 113/332/256 112/371/294 131/333/257
f 131/333/257 112/371/294 130/372/295
f 131/333/257 130/372/295 149/334/258
f 149/334/258 130/372/295 148/373/296
f 149/334/258 148/373/296 167/335/259
f 167/335/259 148/373/296 166/374/297
f 167/335/259 166/374/297 185/336/260
f 185/336/260 166/374/297 184/375/298
f 185/336/260 184/375/298 203/337/261
f 203/337/261 184/375/298 202/376/299
f 203/337/261 202/376/299 221/338/262
f 221/338/262 202/376/299 220/377/300
f 221/338/262 220/377/300 239/339/263
f 239/339/263 220/377/300 238/378/301
f 239/339/263 238/378/301 257/340/264
f 257/340/264 238/378/301 256/379/302
f 257/340/264 256/379/302 275/341/265
f 275/341/265 256/379/302 274/380/303
f 275/341/265 274/380/303 293/342/266
f 293/342/266 274/380/303 292/381/304
f 293/342/266 292/381/304 311/343/267
f 311/343/267 292/381/304 310/382/305
f 311/343/267 310/382/305 329/344/268
f 329/344/268 310/382/305 328/383/306
f 329/344/268 328/383/306 347/345/269
f 347/345/269 328/383/306 346/384/307
f 347/345/269 346/384/307 365/346/270
f 365/346/270 346/384/307 364/385/308
f 365/346/270 364/385/308 383/347/271
f 383/347/271 364/385/308 382/386/309
f 383/347/271 382/386/309 401/348/272
f 401/348/272 382/386/309 400/387/310
f 401/348/272 400/387/310 52/349/273
f 52/349/273 400/387/310 53/388/311
f 52/349/273 53/388/311 41/350/274
f 41/350/274 53/388/311 40/389/312
f 41/351/274 40/390/312 77/352/275
f 77/352/275 40/390/312 76/391/313
f 77/352/275 76/391/313 682/353/276
f 682/353/276 76/391/313 683/392/314
f 682/353/276 683/392/314 664/354/277
f 664/354/277 683/392/314 665/393/315
f 664/354/277 665/393/315 646/355/278
f 646/355/278 665/393/315 647/394/316
f 646/355/278 647/394/316 628/356/279
f 628/356/279 647/394/316 629/395/317
f 628/356/279 629/395/317 610/357/280
f 610/357/280 629/395/317 611/396/318
f 610/357/280 611/396/318 592/358/281
f 592/358/281 611/396/318 593/397/319
f 592/358/281 593/397/319 574/359/282
f 574/359/282 593/397/319 575/398/320
f 574/359/282 575/398/320 556/360/283
f 556/360/283 575/398/320 557/399/321
f 556/360/283 557/399/321 538/361/284
f 538/361/284 557/399/321 539/400/322
f 538/361/284 539/400/322 520/362/285
f 520/362/285 539/400/322 521/401/323
f 520/362/285 521/401/323 502/363/286
f 502/363/286 521/401/323 503/402/324
f 502/363/286 503/402/324 484/364/287
f 484/364/287 503/402/324 485/403/325
f 484/364/287 485/403/325 466/365/288
f 466/365/288 485/403/325 467/404/326
f 466/365/288 467/404/326 448/366/289
f 448/366/289 467/404/326 449/405/327
f 448/366/289 449/405/327 430/367/290
f 430/367/290 449/405/327 431/406/328
f 430/367/290 431/406/328 412/368/291
f 412/368/291 431/406/328 413/407/329
f 412/368/291 413/407/329 88/369/292
f 88/369/292 413/407/329 89/408/330
f 88/369/292 89/408/330 16/331/255
f 16/331/255 89/408/330 17/370/293
f 17/370/293 18/409/331 112/371/294
f 112/371/294 18/409/331 111/410/332
f 112/371/294 111/410/332 130/372/295
f 130/372/295 111/410/332 129/411/333
f 130/372/295 129/411/333 148/373/296
f 148/373/296 129/411/333 147/412/334
f 148/373/296 147/412/334 166/374/297
f 166/374/297 147/412/334 165/413/335
f 166/374/297 165/413/335 184/375/298
f 184/375/298 165/413/335 183/414/336
f 184/375/298 183/414/336 202/376/299
f 202/376/299 183/414/336 201/415/337
f 202/376/299 201/415/337 220/377/300
f 220/377/300 201/415/337 219/416/338
f 220/377/300 219/416/338 238/378/301
f 238/378/301 219/416/338 237/417/339
f 238/378/301 237/417/339 256/379/302
f 256/379/302 237/417/339 255/418/340
f 256/379/302 255/418/340 274/380/303
f 274/380/303 255/418/340 273/419/341
f 274/380/303 273/419/341 292/381/304
f 292/381/304 273/419/341 291/420/342
f 292/381/304 291/420/342 310/382/305
f 310/382/305 291/420/342 309/421/343
f 310/382/305 309/421/343 328/383/306
f 328/383/306 309/421/343 327/422/344
f 328/383/306 327/422/344 346/384/307
f 346/384/307 327/422/344 345/423/345
f 346/384/307 345/423/345 364/385/308
f 364/385/308 345/423/345 363/424/346
f 364/385/308 363/424/346 382/386/309
f 382/386/309 363/424/346 381/425/347
f 382/386/309 381/425/347 400/387/310
f 400/387/310 381/425/347 399/426/348
f 400/387/310 399/426/348 53/388/311
f 53/388/311 399/426/348 54/427/349
f 53/388/311 54/427/349 40/389/312
f 40/389/312 54/427/349 39/428/350
f 40/390/312 39/429/350 76/391/313
f 76/391/313 39/429/350 75/430/351
f 76/391/313 75/430/351 683/392/314
f 683/392/314 75/430/351 684/431/352
f 683/392/314 684/431/352 665/393/315
f 665/393/315 684/431/352 666/432/353
f 665/393/315 666/432/353 647/394/316
f 647/394/316 666/432/353 648/433/354
f 647/394/316 648/433/354 629/395/317
f 629/395/317 648/433/354 630/434/355
f 629/395/317 630/434/355 611/396/318
f 611/396/318 630/434/355 612/435/356
f 611/396/318 612/435/356 593/397/319
f 593/397/319 612/435/356 594/436/357
f 593/397/319 594/436/357 575/398/320
f 575/398/320 594/436/357 576/437/358
f 575/398/320 576/437/358 557/399/321
f 557/399/321 576/437/358 558/438/359
f 557/399/321 558/438/359 539/400/322
f 539/400/322 558/438/359 540/439/360
f 539/400/322 540/439/360 521/401/323
f 521/401/323 540/439/360 522/440/361
f 521/401/323 522/440/361 503/402/324
f 503/402/324 522/440/361 504/441/362
f 503/402/324 504/441/362 485/403/325
f 485/403/325 504/441/362 486/442/363
f 485/403/325 486/442/363 467/404/326
f 467/404/326 486/442/363 468/443/364
f 467/404/326 468/443/364 449/405/327
f 449/405/327 468/443/364 450/444/365
f 449/405/327 450/444/365 431/406/328
f 431/406/328 450/444/365 432/445/366
f 431/406/328 432/445/366 413/407/329
f 413/407/329 432/445/366 414/446/367
f 413/407/329 414/446/367 89/408/330
f 89/408/330 414/446/367 90/447/368
f 89/408/330 90/447/368 17/370/293
f 17/370/293 90/447/368 18/409/331
f 18/409/331 19/448/369 111/410/332
f 111/410/332 19/448/369 110/449/370
f 111/410/332 110/449/370 129/411/333
f 129/411/333 110/449/370 128/450/371
f 129/411/333 128/450/371 147/412/334
f 147/412/334 128/450/371 146/451/372
f 147/412/334 146/451/372 165/413/335
f 165/413/335 146/451/372 164/452/373
f 165/413/335 164/452/373 183/414/336
f 183/414/336 164/452/373 182/453/374
f 183/414/336 182/453/374 201/415/337
f 201/415/337 182/453/374 200/454/375
f 201/415/337 200/454/375 219/416/338
f 219/416/338 200/454/375 218/455/376
f 219/416/338 218/455/376 237/417/339
f 237/417/339 218/455/376 236/456/377
f 237/417/339 236/456/377 255/418/340
f 255/418/340 236/456/377 254/457/378
f 255/418/340 254/457/378 273/419/341
f 273/419/341 254/457/378 272/458/379
f 273/419/341 272/458/379 291/420/342
f 291/420/342 272/458/379 290/459/380
f 291/420/342 290/459/380 309/421/343
f 309/421/343 290/459/380 308/460/381
f 309/421/343 308/460/381 327/422/344
f 327/422/344 308/460/381 326/461/382
f 327/422/344 326/461/382 345/423/345
f 345/423/345 326/461/382 344/462/383
f 345/423/345 344/462/383 363/424/346
f 363/424/346 344/462/383 362/463/384
f 363/424/346 362/463/384 381/425/347
f 381/425/347 362/463/384 380/464/385
f 381/425/347 380/464/385 399/426/348
f 399/426/348 380/464/385 398/465/386
f 399/426/348 398/465/386 54/427/349
f 54/427/349 398/465/386 55/466/387
f 54/427/349 55/466/387 39/428/350
f 39/428/350 55/466/387 38/467/388
f 39/429/350 38/468/388 75/430/351
f 75/430/351 38/468/388 74/469/389
f 75/430/351 74/469/389 684/431/352
f 684/431/352 74/469/389 685/470/390
f 684/431/352 685/470/390 666/432/353
f 666/432/353 685/470/390 667/471/391
f 666/432/353 667/471/391 648/433/354
f 648/433/354 667/471/391 649/472/392
f 648/433/354 649/472/392 630/434/355
f 630/434/355 649/472/392 631/473/393
f 630/434/355 631/473/393 612/435/356
f 612/435/356 631/473/393 613/474/394
f 612/435/356 613/474/394 594/436/357
f 594/436/357 613/474/394 595/475/395
f 594/436/357 595/475/395 576/437/358
f 576/437/358 595/475/395 577/476/396
f 576/437/358 577/476/396 558/438/359
f 558/438/359 577/476/396 559/477/397
f 558/438/359 559/477/397 540/439/360
f 540/439/360 559/477/397 541/478/398
f 540/439/360 541/478/398 522/440/361
f 522/440/361 541/478/398 523/479/399
f 522/440/361 523/479/399 504/441/362
f 504/441/362 523/479/399 505/480/400
f 504/441/362 505/480/400 486/442/363
f 486/442/363 505/480/400 487/481/401
f 486/442/363 487/481/401 468/443/364
f 468/443/364 487/481/401 469/482/402
f 468/443/364 469/482/402 450/444/365
f 450/444/365 469/482/402 451/483/403
f 450/444/365 451/483/403 432/445/366
f 432/445/366 451/483/403 433/484/404
f 432/445/366 433/484/404 414/446/367
f 414/446/367 433/484/404 415/485/405
f 414/446/367 415/485/405 90/447/368
f 90/447/368 415/485/405 91/486/406
f 90/447/368 91/486/406 18/409/331
f 18/409/331 91/486/406 19/448/369
f 19/448/369 20/487/407 110/449/370
f 110/449/370 20/487/407 109/488/408
f 110/449/370 109/488/408 128/450/371
f 128/450/371 109/488/408 127/489/409
f 128/450/371 127/489/409 146/451/372
f 146/451/372 127/489/409 145/490/410
f 146/451/372 145/490/410 164/452/373
f 164/452/373 145/490/410 163/491/411
f 164/452/373 163/491/411 182/453/374
f 182/453/374 163/491/411 181/492/412
f 182/453/374 181/492/412 200/454/375
f 200/454/375 181/492/412 199/493/413
f 200/454/375 199/493/413 218/455/376
f 218/455/376 199/493/413 217/494/414
f 218/455/376 217/494/414 236/456/377
f 236/456/377 217/494/414 235/495/415
f 236/456/377 235/495/415 254/457/378
f 254/457/378 235/495/415 253/496/416
f 254/457/378 253/496/416 272/458/379
f 272/458/379 253/496/416 271/497/417
f 272/458/379 271/497/417 290/459/380
f 290/459/380 271/497/417 289/498/418
f 290/459/380 289/498/418 308/460/381
f 308/460/381 289/498/418 307/499/419
f 308/460/381 307/499/419 326/461/382
f 326/461/382 307/499/419 325/500/420
f 326/461/382 325/500/420 344/462/383
f 344/462/383 325/500/420 343/501/421
f 344/462/383 343/501/421 362/463/384
f 362/463/384 343/501/421 361/502/422
f 362/463/384 361/502/422 380/464/385
f 380/464/385 361/502/422 379/503/423
f 380/464/385 379/503/423 398/465/386
f 398/465/386 379/503/423 397/504/424
f 398/465/386 397/504/424 55/466/387
f 55/466/387 397/504/424 56/505/425
f 55/466/387 56/505/425 38/467/388
f 38/467/388 56/505/425 37/506/426
f 38/468/388 37/507/426 74/469/389
f 74/469/389 37/507/426 73/508/427
f 74/469/389 73/508/427 685/470/390
f 685/470/390 73/508/427 686/509/428
f 685/470/390 686/509/428 667/471/391
f 667/471/391 686/509/428 668/510/429
f 667/471/391 668/510/429 649/472/392
f 649/472/392 668/510/429 650/511/430
f 649/472/392 650/511/430 631/473/393
f 631/473/393 650/511/430 632/512/431
f 631/473/393 632/512/431 613/474/394
f 613/474/394 632/512/431 614/513/432
f 613/474/394 614/513/432 595/475/395
f 595/475/395 614/513/432 596/514/433
f 595/475/395 596/514/433 577/476/396
f 577/476/396 596/514/433 578/515/434
f 577/476/396 578/515/434 559/477/397
f 559/477/397 578/515/434 560/516/435
f 559/477/397 560/516/435 541/478/398
f 541/478/398 560/516/435 542/517/436
f 541/478/398 542/517/436 523/479/399
f 523/479/399 542/517/436 524/518/437
f 523/479/399 524/518/437 505/480/400
f 505/480/400 524/518/437 506/519/438
f 505/480/400 506/519/438 487/481/401
f 487/481/401 506/519/438 488/520/439
f 487/481/401 488/520/439 469/482/402
f 469/482/402 488/520/439 470/521/440
f 469/482/402 470/521/440 451/483/403
f 451/483/403 470/521/440 452/522/441
f 451/483/403 452/522/441 433/484/404
f 433/484/404 452/522/441 434/523/442
f 433/484/404 434/523/442 415/485/405
f 415/485/405 434/523/442 416/524/443
f 415/485/405 416/524/443 91/486/406
f 91/486/406 416/524/443 92/525/444
f 91/486/406 92/525/444 19/448/369
f 19/448/369 92/525/444 20/487/407
f 20/487/407 21/526/445 109/488/408
f 109/488/408 21/526/445 108/527/446
f 109/488/408 108/527/446 127/489/409
f 127/489/409 108/527/446 126/528/447
f 127/489/409 126/528/447 145/490/410
f 145/490/410 126/528/447 144/529/448
f 145/490/410 144/529/448 163/491/411
f 163/491/411 144/529/448 162/530/449
f 163/491/411 162/530/449 181/492/412
f 181/492/412 162/530/449 180/531/450
f 181/492/412 180/531/450 199/493/413
f 199/493/413 180/531/450 198/532/451
f 199/493/413 198/532/451 217/494/414
f 217/494/414 198/532/451 216/533/452
f 217/494/414 216/533/452 235/495/415
f 235/495/415 216/533/452 234/534/453
f 235/495/415 234/534/453 253/496/416
f 253/496/416 234/534/453 252/535/454
f 253/496/416 252/535/454 271/497/417
f 271/497/417 252/535/454 270/536/455
f 271/497/417 270/536/455 289/498/418
f 289/498/418 270/536/455 288/537/456
f 289/498/418 288/537/456 307/499/419
f 307/499/419 288/537/456 306/538/457
f 307/499/419 306/538/457 325/500/420
f 325/500/420 306/538/457 324/539/458
f 325/500/420 324/539/458 343/501/421
f 343/501/421 324/539/458 342/540/459
f 343/501/421 342/540/459 361/502/422
f 361/502/422 342/540/459 360/541/460
f 361/502/422 360/541/460 379/503/423
f 379/503/423 360/541/460 378/542/461
f 379/503/423 378/542/461 397/504/424
f 397/504/424 378/542/461 396/543/462
f 397/504/424 396/543/462 56/505/425
f 56/505/425 396/543/462 57/544/463
f 56/505/425 57/544/463 37/506/426
f 37/506/426 57/544/463 36/545/464
f 37/507/426 36/546/464 73/508/427
f 73/508/427 36/546/464 72/547/465
f 73/508/427 72/547/465 686/509/428
f 686/509/428 72/547/465 687/548/466
f 686/509/428 687/548/466 668/510/429
f 668/510/429 687/548/466 669/549/467
f 668/510/429 669/549/467 650/511/430
f 650/511/430 669/549/467 651/550/468
f 650/511/430 651/550/468 632/512/431
f 632/512/431 651/550/468 633/551/469
f 632/512/431 633/551/469 614/513/432
f 614/513/432 633/551/469 615/552/470
f 614/513/432 615/552/470 596/514/433
f 596/514/433 615/552/470 597/553/471
f 596/514/433 597/553/471 578/515/434
f 578/515/434 597/553/471 579/554/472
f 578/515/434 579/554/472 560/516/435
f 560/516/435 579/554/472 561/555/473
f 560/516/435 561/555/473 542/517/436
f 542/517/436 561/555/473 543/556/474
f 542/517/436 543/556/474 524/518/437
f 524/518/437 543/556/474 525/557/475
f 524/518/437 525/557/475 506/519/438
f 506/519/438 525/557/475 507/558/476
f 506/519/438 507/558/476 488/520/439
f 488/520/439 507/558/476 489/559/477
f 488/520/439 489/559/477 470/521/440
f 470/521/440 489/559/477 471/560/478
f 470/521/440 471/560/478 452/522/441
f 452/522/441 471/560/478 453/561/479
f 452/522/441 453/561/479 434/523/442
f 434/523/442 453/561/479 435/562/480
f 434/523/442 435/562/480 416/524/443
f 416/524/443 435/562/480 417/563/481
f 416/524/443 417/563/481 92/525/444
f 92/525/444 417/563/481 93/564/482
f 92/525/444 93/564/482 20/487/407
f 20/487/407 93/564/482 21/526/445
f 21/526/445 22/565/483 108/527/446
f 108/527/446 22/565/483 107/566/484
f 108/527/446 107/566/484 126/528/447
f 126/528/447 107/566/484 125/567/485
f 126/528/447 125/567/485 144/529/448
f 144/529/448 125/567/485 143/568/486
f 144/529/448 143/568/486 162/530/449
f 162/530/449 143/568/486 161/569/487
f 162/530/449 161/569/487 180/531/450
f 180/531/450 161/569/487 179/570/488
f 180/531/450 179/570/488 198/532/451
f 198/532/451 179/570/488 197/571/489
f 198/532/451 197/571/489 216/533/452
f 216/533/452 197/571/489 215/572/490
f 216/533/452 215/572/490 234/534/453
f 234/534/453 215/572/490 233/573/491
f 234/534/453 233/573/491 252/535/454
f 252/535/454 233/573/491 251/574/492
f 252/535/454 251/574/492 270/536/455
f 270/536/455 251/574/492 269/575/493
f 270/536/455 269/575/493 288/537/456
f 288/537/456 269/575/493 287/576/494
f 288/537/456 287/576/494 306/538/457
f 306/538/457 287/576/494 305/577/495
f 306/538/457 305/577/495 324/539/458
f 324/539/458 305/577/495 323/578/496
f 324/539/458 323/578/496 342/540/459
f 342/540/459 323/578/496 341/579/497
f 342/540/459 341/579/497 360/541/460
f 360/541/460 341/579/497 359/580/498
f 360/541/460 359/580/498 378/542/461
f 378/542/461 359/580/498 377/581/499
f 378/542/461 377/581/499 396/543/462
f 396/543/462 377/581/499 395/582/500
f 396/543/462 395/582/500 57/544/463
f 57/544/463 395/582/500 58/583/501
f 57/544/463 58/583/501 36/545/464
f 36/545/464 58/583/501 35/584/502
f 36/546/464 35/585/502 72/547/465
f 72/547/465 35/585/502 71/586/503
f 72/547/465 71/586/503 687/548/466
f 687/548/466 71/586/503 688/587/504
f 687/548/466 688/587/504 669/549/467
f 669/549/467 688/587/504 670/588/505
f 669/549/467 670/588/505 651/550/468
f 651/550/468 670/588/505 652/589/506
f 651/550/468 652/589/506 633/551/469
f 633/551/469 652/589/506 634/590/507
f 633/551/469 634/590/507 615/552/470
f 615/552/470 634/590/507 616/591/508
f 615/552/470 616/591/508 597/553/471
f 597/553/471 616/591/508 598/592/509
f 597/553/471 598/592/509 579/554/472
f 579/554/472 598/592/509 580/593/510
f 579/554/472 580/593/510 561/555/473
f 561/555/473 580/593/510 562/594/511
f 561/555/473 562/594/511 543/556/474
f 543/556/474 562/594/511 544/595/512
f 543/556/474 544/595/512 525/557/475
f 525/557/475 544/595/512 526/596/513
f 525/557/475 526/596/513 507/558/476
f 507/558/476 526/596/513 508/597/514
f 507/558/476 508/597/514 489/559/477
f 489/559/477 508/597/514 490/598/515
f 489/559/477 490/598/515 471/560/478
f 471/560/478 490/598/515 472/599/516
f 471/560/478 472/599/516 453/561/479
f 453/561/479 472/599/516 454/600/517
f 453/561/479 454/600/517 435/562/480
f 435/562/480 454/600/517 436/601/518
f 435/562/480 436/601/518 417/563/481
f 417/563/481 436/601/518 418/602/519
f 417/563/481 418/602/519 93/564/482
f 93/564/482 418/602/519 94/603/520
f 93/564/482 94/603/520 21/526/445
f 21/526/445 94/603/520 22/565/483
f 22/565/483 23/604/521 107/566/484
f 107/566/484 23/604/521 106/605/522
f 107/566/484 106/605/522 125/567/485
f 125/567/485 106/605/522 124/606/523
f 125/567/485 124/606/523 143/568/486
f 143/568/486 124/606/523 142/607/524
f 143/568/486 142/607/524 161/569/487
f 161/569/487 142/607/524 160/608/525
f 161/569/487 160/608/525 179/570/488
f 179/570/488 160/608/525 178/609/526
f 179/570/488 178/609/526 197/571/489
f 197/571/489 178/609/526 196/610/527
f 197/571/489 196/610/527 215/572/490
f 215/572/490 196/610/527 214/611/528
f 215/572/490 214/611/528 233/573/491
f 233/573/491 214/611/528 232/612/529
f 233/573/491 232/612/529 251/574/492
f 251/574/492 232/612/529 250/613/530
f 251/574/492 250/613/530 269/575/493
f 269/575/493 250/613/530 268/614/531
f 269/575/493 268/614/531 287/576/494
f 287/576/494 268/614/531 286/615/532
f 287/576/494 286/615/532 305/577/495
f 305/577/495 286/615/532 304/616/533
f 305/577/495 304/616/533 323/578/496
f 323/578/496 304/616/533 322/617/534
f 323/578/496 322/617/534 341/579/497
f 341/579/497 322/617/534 340/618/535
f 341/579/497 340/618/535 359/580/498
f 359/580/498 340/618/535 358/619/536
f 359/580/498 358/619/536 377/581/499
f 377/581/499 358/619/536 376/620/537
f 377/581/499 376/620/537 395/582/500
f 395/582/500 376/620/537 394/621/538
f 395/582/500 394/621/538 58/583/501
f 58/583/501 394/621/538 59/622/539
f 58/583/501 59/622/539 35/584/502
f 35/584/502 59/622/539 34/623/540
f 35/585/502 34/624/540 71/586/503
f 71/586/503 34/624/540 70/625/541
f 71/586/503 70/625/541 688/587/504
f 688/587/504 70/625/541 689/626/542
f 688/587/504 689/626/542 670/588/505
f 670/588/505 689/626/542 671/627/543
f 670/588/505 671/627/543 652/589/506
f 652/589/506 671/627/543 653/628/544
f 652/589/506 653/628/544 634/590/507
f 634/590/507 653/628/544 635/629/545
f 634/590/507 635/629/545 616/591/508
f 616/591/508 635/629/545 617/630/546
f 616/591/508 617/630/546 598/592/509
f 598/592/509 617/630/546 599/631/547
f 598/592/509 599/631/547 580/593/510
f 580/593/510 599/631/547 581/632/548
f 580/593/510 581/632/548 562/594/511
f 562/594/511 581/632/548 563/633/549
f 562/594/511 563/633/549 544/595/512
f 544/595/512 563/633/549 545/634/550
f 544/595/512 545/634/550 526/596/513
f 526/596/513 545/634/550 527/635/551
f 526/596/513 527/635/551 508/597/514
f 508/597/514 527/635/551 509/636/552
f 508/597/514 509/636/552 490/598/515
f 490/598/515 509/636/552 491/637/553
f 490/598/515 491/637/553 472/599/516
f 472/599/516 491/637/553 473/638/554
f 472/599/516 473/638/554 454/600/517
f 454/600/517 473/638/554 455/639/555
f 454/600/517 455/639/555 436/601/518
f 436/601/518 455/639/555 437/640/556
f 436/601/518 437/640/556 418/602/519
f 418/602/519 437/640/556 419/641/557
f 418/602/519 419/641/557 94/603/520
f 94/603/520 419/641/557 95/642/558
f 94/603/520 95/642/558 22/565/483
f 22/565/483 95/642/558 23/604/521
f 23/604/521 24/643/559 106/605/522
f 106/605/522 24/643/559 105/644/560
f 106/605/522 105/644/560 124/606/523
f 124/606/523 105/644/560 123/645/561
f 124/606/523 123/645/561 142/607/524
f 142/607/524 123/645/561 141/646/562
f 142/607/524 141/646/562 160/608/525
f 160/608/525 141/646/562 159/647/563
f 160/608/525 159/647/563 178/609/526
f 178/609/526 159/647/563 177/648/564
f 178/609/526 177/648/564 196/610/527
f 196/610/527 177/648/564 195/649/565
f 196/610/527 195/649/565 214/611/528
f 214/611/528 195/649/565 213/650/566
f 214/611/528 213/650/566 232/612/529
f 232/612/529 213/650/566 231/651/567
f 232/612/529 231/651/567 250/613/530
f 250/613/530 231/651/567 249/652/568
f 250/613/530 249/652/568 268/614/531
f 268/614/531 249/652/568 267/653/569
f 268/614/531 267/653/569 286/615/532
f 286/615/532 267/653/569 285/654/570
f 286/615/532 285/654/570 304/616/533
f 304/616/533 285/654/570 303/655/571
f 304/616/533 303/655/571 322/617/534
f 322/617/534 303/655/571 321/656/572
f 322/617/534 321/656/572 340/618/535
f 340/618/535 321/656/572 339/657/573
f 340/618/535 339/657/573 358/619/536
f 358/619/536 339/657/573 357/658/574
f 358/619/536 357/658/574 376/620/537
f 376/620/537 357/658/574 375/659/575
f 376/620/537 375/659/575 394/621/538
f 394/621/538 375/659/575 393/660/576
f 394/621/538 393/660/576 59/622/539
f 59/622/539 393/660/576 60/661/577
f 59/622/539 60/661/577 34/623/540
f 34/623/540 60/661/577 33/662/578
f 34/624/540 33/663/578 70/625/541
f 70/625/541 33/663/578 69/664/579
f 70/625/541 69/664/579 689/626/542
f 689/626/542 69/664/579 690/665/580
f 689/626/542 690/665/580 671/627/543
f 671/627/543 690/665/580 672/666/581
f 671/627/543 672/666/581 653/628/544
f 653/628/544 672/666/581 654/667/582
f 653/628/544 654/667/582 635/629/545
f 635/629/545 654/667/582 636/668/583
f 635/629/545 636/668/583 617/630/546
f 617/630/546 636/668/583 618/669/584
f 617/630/546 618/669/584 599/631/547
f 599/631/547 618/669/584 600/670/585
f 599/631/547 600/670/585 581/632/548
f 581/632/548 600/670/585 582/671/586
f 581/632/548 582/671/586 563/633/549
f 563/633/549 582/671/586 564/672/587
f 563/633/549 564/672/587 545/634/550
f 545/634/550 564/672/587 546/673/588
f 545/634/550 546/673/588 527/635/551
f 527/635/551 546/673/588 528/674/589
f 527/635/551 528/674/589 509/636/552
f 509/636/552 528/674/589 510/675/590
f 509/636/552 510/675/590 491/637/553
f 491/637/553 510/675/590 492/676/591
f 491/637/553 492/676/591 473/638/554
f 473/638/554 492/676/591 474/677/592
f 473/638/554 474/677/592 455/639/555
f 455/639/555 474/677/592 456/678/593
f 455/639/555 456/678/593 437/640/556
f 437/640/556 456/678/593 438/679/594
f 437/640/556 438/679/594 419/641/557
f 419/641/557 438/679/594 420/680/595
f 419/641/557 420/680/595 95/642/558
f 95/642/558 420/680/595 96/681/596
f 95/642/558 96/681/596 23/604/521
f 23/604/521 96/681/596 24/643/559
f 24/643/559 25/682/597 105/644/560
f 105/644/560 25/682/597 104/683/598
f 105/644/560 104/683/598 123/645/561
f 123/645/561 104/683/598 122/684/599
f 123/645/561 122/684/599 141/646/562
f 141/646/562 122/684/599 140/685/600
f 141/646/562 140/685/600 159/647/563
f 159/647/563 140/685/600 158/686/601
f 159/647/563 158/686/601 177/648/564
f 177/648/564 158/686/601 176/687/602
f 177/648/564 176/687/602 195/649/565
f 195/649/565 176/687/602 194/688/603
f 195/649/565 194/688/603 213/650/566
f 213/650/566 194/688/603 212/689/604
f 213/650/566 212/689/604 231/651/567
f 231/651/567 212/689/604 230/690/605
f 231/651/567 230/690/605 249/652/568
f 249/652/568 230/690/605 248/691/606
f 249/652/568 248/691/606 267/653/569
f 267/653/569 248/691/606 266/692/607
f 267/653/569 266/692/607 285/654/570
f 285/654/570 266/692/607 284/693/608
f 285/654/570 284/693/608 303/655/571
f 303/655/571 284/693/608 302/694/609
f 303/655/571 302/694/609 321/656/572
f 321/656/572 302/694/609 320/695/610
f 321/656/572 320/695/610 339/657/573
f 339/657/573 320/695/610 338/696/611
f 339/657/573 338/696/611 357/658/574
f 357/658/574 338/696/611 356/697/612
f 357/658/574 356/697/612 375/659/575
f 375/659/575 356/697/612 374/698/613
f 375/659/575 374/698/613 393/660/576
f 393/660/576 374/698/613 392/699/614
f 393/660/576 392/699/614 60/661/577
f 60/661/577 392/699/614 61/700/615
f 60/661/577 61/700/615 33/662/578
f 33/662/578 61/700/615 32/701/616
f 33/663/578 32/702/616 69/664/579
f 69/664/579 32/702/616 68/703/617
f 69/664/579 68/703/617 690/665/580
f 690/665/580 68/703/617 691/704/618
f 690/665/580 691/704/618 672/666/581
f 672/666/581 691/704/618 673/705/619
f 672/666/581 673/705/619 654/667/582
f 654/667/582 673/705/619 655/706/620
f 654/667/582 655/706/620 636/668/583
f 636/668/583 655/706/620 637/707/621
f 636/668/583 637/707/621 618/669/584
f 618/669/584 637/707/621 619/708/622
f 618/669/584 619/708/622 600/670/585
f 600/670/585 619/708/622 601/709/623
f 600/670/585 601/709/623 582/671/586
f 582/671/586 601/709/623 583/710/624
f 582/671/586 583/710/624 564/672/587
f 564/672/587 583/710/624 565/711/625
f 564/672/587 565/711/625 546/673/588
f 546/673/588 565/711/625 547/712/626
f 546/673/588 547/712/626 528/674/589
f 528/674/589 547/712/626 529/713/627
f 528/674/589 529/713/627 510/675/590
f 510/675/590 529/713/627 511/714/628
f 510/675/590 511/714/628 492/676/591
f 492/676/591 511/714/628 493/715/629
f 492/676/591 493/715/629 474/677/592
f 474/677/592 493/715/629 475/716/630
f 474/677/592 475/716/630 456/678/593
f 456/678/593 475/716/630 457/717/631
f 456/678/593 457/717/631 438/679/594
f 438/679/594 457/717/631 439/718/632
f 438/679/594 439/718/632 420/680/595
f 420/680/595 439/718/632 421/719/633
f 420/680/595 421/719/633 96/681/596
f 96/681/596 421/719/633 97/720/634
f 96/681/596 97/720/634 24/643/559
f 24/643/559 97/720/634 25/682/597
f 25/682/597 26/721/635 104/683/598
f 104/683/598 26/721/635 103/722/636
f 104/683/598 103/722/636 122/684/599
f 122/684/599 103/722/636 121/723/637
f 122/684/599 121/723/637 140/685/600
f 140/685/600 121/723/637 139/724/638
f 140/685/600 139/724/638 158/686/601
f 158/686/601 139/724/638 157/725/639
f 158/686/601 157/725/639 176/687/602
f 176/687/602 157/725/639 175/726/640
f 176/687/602 175/726/640 194/688/603
f 194/688/603 175/726/640 193/727/641
f 194/688/603 193/727/641 212/689/604
f 212/689/604 193/727/641 211/728/642
f 212/689/604 211/728/642 230/690/605
f 230/690/605 211/728/642 229/729/643
f 230/690/605 229/729/643 248/691/606
f 248/691/606 229/729/643 247/730/644
f 248/691/606 247/730/644 266/692/607
f 266/692/607 247/730/644 265/731/645
f 266/692/607 265/731/645 284/693/608
f 284/693/608 265/731/645 283/732/646
f 284/693/608 283/732/646 302/694/609
f 302/694/609 283/732/646 301/733/647
f 302/694/609 301/733/647 320/695/610
f 320/695/610 301/733/647 319/734/648
f 320/695/610 319/734/648 338/696/611
f 338/696/611 319/734/648 337/735/649
f 338/696/611 337/735/649 356/697/612
f 356/697/612 337/735/649 355/736/650
f 356/697/612 355/736/650 374/698/613
f 374/698/613 355/736/650 373/737/651
f 374/698/613 373/737/651 392/699/614
f 392/699/614 373/737/651 391/738/652
f 392/699/614 391/738/652 61/700/615
f 61/700/615 391/738/652 62/739/653
f 61/700/615 62/739/653 32/701/616
f 32/701/616 62/739/653 31/740/654
f 32/702/616 31/741/654 68/703/617
f 68/703/617 31/741/654 67/742/655
f 68/703/617 67/742/655 691/704/618
f 691/704/618 67/742/655 692/743/656
f 691/704/618 692/743/656 673/705/619
f 673/705/619 692/743/656 674/744/657
f 673/705/619 674/744/657 655/706/620
f 655/706/620 674/744/657 656/745/658
f 655/706/620 656/745/658 637/707/621
f 637/707/621 656/745/658 638/746/659
f 637/707/621 638/746/659 619/708/622
f 619/708/622 638/746/659 620/747/660
f 619/708/622 620/747/660 601/709/623
f 601/709/623 620/747/660 602/748/661
f 601/709/623 602/748/661 583/710/624
f 583/710/624 602/748/661 584/749/662
f 583/710/624 584/749/662 565/711/625
f 565/711/625 584/749/662 566/750/663
f 565/711/625 566/750/663 547/712/626
f 547/712/626 566/750/663 548/751/664
f 547/712/626 548/751/664 529/713/627
f 529/713/627 548/751/664 530/752/665
f 529/713/627 530/752/665 511/714/628
f 511/714/628 530/752/665 512/753/666
f 511/714/628 512/753/666 493/715/629
f 493/715/629 512/753/666 494/754/667
f 493/715/629 494/754/667 475/716/630
f 475/716/630 494/754/667 476/755/668
f 475/716/630 476/755/668 457/717/631
f 457/717/631 476/755/668 458/756/669
f 457/717/631 458/756/669 439/718/632
f 439/718/632 458/756/669 440/757/670
f 439/718/632 440/757/670 421/719/633
f 421/719/633 440/757/670 422/758/671
f 421/719/633 422/758/671 97/720/634
f 97/720/634 422/758/671 98/759/672
f 97/720/634 98/759/672 25/682/597
f 25/682/597 98/759/672 26/721/635
f 26/721/635 27/760/673 103/722/636
f 103/722/636 27/760/673 102/761/674
f 103/722/636 102/761/674 121/723/637
f 121/723/637 102/761/674 120/762/675
f 121/723/637 120/762/675 139/724/638
f 139/724/638 120/762/675 138/763/676
f 139/724/638 138/763/676 157/725/639
f 157/725/639 138/763/676 156/764/677
f 157/725/639 156/764/677 175/726/640
f 175/726/640 156/764/677 174/765/678
f 175/726/640 174/765/678 193/727/641
f 193/727/641 174/765/678 192/766/679
f 193/727/641 192/766/679 211/728/642
f 211/728/642 192/766/679 210/767/680
f 211/728/642 210/767/680 229/729/643
f 229/729/643 210/767/680 228/768/681
f 229/729/643 228/768/681 247/730/644
f 247/730/644 228/768/681 246/769/682
f 247/730/644 246/769/682 265/731/645
f 265/731/645 246/769/682 264/770/683
f 265/731/645 264/770/683 283/732/646
f 283/732/646 264/770/683 282/771/684
f 283/732/646 282/771/684 301/733/647
f 301/733/647 282/771/684 300/772/685
f 301/733/647 300/772/685 319/734/648
f 319/734/648 300/772/685 318/773/686
f 319/734/648 318/773/686 337/735/649
f 337/735/649 318/773/686 336/774/687
f 337/735/649 336/774/687 355/736/650
f 355/736/650 336/774/687 354/775/688
f 355/736/650 354/775/688 373/737/651
f 373/737/651 354/775/688 372/776/689
f 373/737/651 372/776/689 391/738/652
f 391/738/652 372/776/689 390/777/690
f 391/738/652 390/777/690 62/739/653
f 62/739/653 390/777/690 63/778/691
f 62/739/653 63/778/691 31/740/654
f 31/740/654 63/778/691 30/779/692
f 31/741/654 30/780/692 67/742/655
f 67/742/655 30/780/692 66/781/693
f 67/742/655 66/781/693 692/743/656
f 692/743/656 66/781/693 693/782/694
f 692/743/656 693/782/694 674/744/657
f 674/744/657 693/782/694 675/783/695
f 674/744/657 675/783/695 656/745/658
f 656/745/658 675/783/695 657/784/696
f 656/745/658 657/784/696 638/746/659
f 638/746/659 657/784/696 639/785/697
f 638/746/659 639/785/697 620/747/660
f 620/747/660 639/785/697 621/786/698
f 620/747/660 621/786/698 602/748/661
f 602/748/661 621/786/698 603/787/699
f 602/748/661 603/787/699 584/749/662
f 584/749/662 603/787/699 585/788/700
f 584/749/662 585/788/700 566/750/663
f 566/750/663 585/788/700 567/789/701
f 566/750/663 567/789/701 548/751/664
f 548/751/664 567/789/701 549/790/702
f 548/751/664 549/790/702 530/752/665
f 530/752/665 549/790/702 531/791/703
f 530/752/665 531/791/703 512/753/666
f 512/753/666 531/791/703 513/792/704
f 512/753/666 513/792/704 494/754/667
f 494/754/667 513/792/704 495/793/705
f 494/754/667 495/793/705 476/755/668
f 476/755/668 495/793/705 477/794/706
f 476/755/668 477/794/706 458/756/669
f 458/756/669 477/794/706 459/795/707
f 458/756/669 459/795/707 440/757/670
f 440/757/670 459/795/707 441/796/708
f 440/757/670 441/796/708 422/758/671
f 422/758/671 441/796/708 423/797/709
f 422/758/671 423/797/709 98/759/672
f 98/759/672 423/797/709 99/798/710
f 98/759/672 99/798/710 26/721/635
f 26/721/635 99/798/710 27/760/673
f 27/760/673 28/172/102 102/761/674
f 102/761/674 28/172/102 101/25/25
f 102/761/674 101/25/25 120/762/675
f 120/762/675 101/25/25 119/27/27
f 120/762/675 119/27/27 138/763/676
f 138/763/676 119/27/27 137/29/28
f 138/763/676 137/29/28 156/764/677
f 156/764/677 137/29/28 155/31/29
f 156/764/677 155/31/29 174/765/678
f 174/765/678 155/31/29 173/33/30
f 174/765/678 173/33/30 192/766/679
f 192/766/679 173/33/30 191/35/31
f 192/766/679 191/35/31 210/767/680
f 210/767/680 191/35/31 209/37/32
f 210/767/680 209/37/32 228/768/681
f 228/768/681 209/37/32 227/39/33
f 228/768/681 227/39/33 246/769/682
f 246/769/682 227/39/33 245/41/34
f 246/769/682 245/41/34 264/770/683
f 264/770/683 245/41/34 263/43/35
f 264/770/683 263/43/35 282/771/684
f 282/771/684 263/43/35 281/45/36
f 282/771/684 281/45/36 300/772/685
f 300/772/685 281/45/36 299/47/37
f 300/772/685 299/47/37 318/773/686
f 318/773/686 299/47/37 317/49/38
f 318/773/686 317/49/38 336/774/687
f 336/774/687 317/49/38 335/51/39
f 336/774/687 335/51/39 354/775/688
f 354/775/688 335/51/39 353/53/40
f 354/775/688 353/53/40 372/776/689
f 372/776/689 353/53/40 371/55/41
f 372/776/689 371/55/41 390/777/690
f 390/777/690 371/55/41 389/57/42
f 390/777/690 389/57/42 63/778/691
f 63/778/691 389/57/42 64/59/43
f 63/778/691 64/59/43 30/779/692
f 30/779/692 64/59/43 29/61/44
f 30/780/692 29/799/44 66/781/693
f 66/781/693 29/799/44 65/136/84
f 66/781/693 65/136/84 693/782/694
f 693/782/694 65/136/84 694/138/85
f 693/782/694 694/138/85 675/783/695
f 675/783/695 694/138/85 676/140/86
f 675/783/695 676/140/86 657/784/696
f 657/784/696 676/140/86 658/142/87
f 657/784/696 658/142/87 639/785/697
f 639/785/697 658/142/87 640/144/88
f 639/785/697 640/144/88 621/786/698
f 621/786/698 640/144/88 622/146/89
f 621/786/698 622/146/89 603/787/699
f 603/787/699 622/146/89 604/148/90
f 603/787/699 604/148/90 585/788/700
f 585/788/700 604/148/90 586/150/91
f 585/788/700 586/150/91 567/789/701
f 567/789/701 586/150/91 568/152/92
f 567/789/701 568/152/92 549/790/702
f 549/790/702 568/152/92 550/154/93
f 549/790/702 550/154/93 531/791/703
f 531/791/703 550/154/93 532/156/94
f 531/791/703 532/156/94 513/792/704
f 513/792/704 532/156/94 514/158/95
f 513/792/704 514/158/95 495/793/705
f 495/793/705 514/158/95 496/160/96
f 495/793/705 496/160/96 477/794/706
f 477/794/706 496/160/96 478/162/97
f 477/794/706 478/162/97 459/795/707
f 459/795/707 478/162/97 460/164/98
f 459/795/707 460/164/98 441/796/708
f 441/796/708 460/164/98 442/166/99
f 441/796/708 442/166/99 423/797/709
f 423/797/709 442/166/99 424/168/100
f 423/797/709 424/168/100 99/798/710
f 99/798/710 424/168/100 100/170/101
f 99/798/710 100/170/101 27/760/673
f 27/760/673 100/170/101 28/172/102
f 28/172/102 10/800/26 101/25/25
f 29/799/44 10/801/26 65/136/84
f 46/192/83 9/802/46 47/62/45
g Body3

v -2.000000 2.000000 -1.000000
v -3.000000 2.000000 -1.000000
v -3.000000 2.000000 1.000000
v -2.000000 2.000000 1.000000
v -3.000000 -1.500000 -1.000000
v -3.000000 -1.500000 1.000000
v -2.000000 -1.500000 -1.000000
v -2.000000 -1.500000 1.000000
vt 3.000000 1.000000 0.000000
vt 1.000000 1.000000 0.000000
vt 3.000000 0.000000 0.000000
vt 1.000000 0.000000 0.000000
vt 1.000000 1.000000 0.000000
vt 3.000000 1.000000 0.000000
vt 1.000000 4.500000 0.000000
vt 3.000000 4.500000 0.000000
vt -1.000000 1.000000 0.000000
vt -0.000000 1.000000 0.000000
vt -1.000000 4.500000 0.000000
vt 0.000000 4.500000 0.000000
vt 1.000000 -0.000000 0.000000
vt 3.000000 -0.000000 0.000000
vt 1.000000 1.000000 0.000000
vt 3.000000 1.000000 0.000000
vt -3.000000 1.000000 0.000000
vt -1.000000 1.000000 0.000000
vt -3.000000 4.500000 0.000000
vt -1.000000 4.500000 0.000000
vt 0.000000 -4.000000 0.000000
vt 1.000000 -4.000000 0.000000
vt -0.000000 -0.500000 0.000000
vt 1.000000 -0.500000 0.000000
vn -0.000000 1.000000 0.000000
vn -0.000000 1.000000 0.000000
vn -0.000000 1.000000 0.000000
vn -0.000000 1.000000 0.000000
vn -1.000000 -0.000000 0.000000
vn -1.000000 -0.000000 0.000000
vn -1.000000 -0.000000 0.000000
vn -1.000000 -0.000000 0.000000
vn -0.000000 0.000000 -1.000000
vn -0.000000 0.000000 -1.000000
vn -0.000000 0.000000 -1.000000
vn -0.000000 0.000000 -1.000000
vn 0.000000 -1.000000 -0.000000
vn 0.000000 -1.000000 -0.000000
vn 0.000000 -1.000000 -0.000000
vn 0.000000 -1.000000 -0.000000
vn 1.000000 0.000000 -0.000000
vn 1.000000 0.000000 -0.000000
vn 1.000000 0.000000 -0.000000
vn 1.000000 0.000000 -0.000000
vn -0.000000 -0.000000 1.000000
vn -0.000000 -0.000000 1.000000
vn -0.000000 -0.000000 1.000000
vn -0.000000 -0.000000 1.000000
f 696/803/711 697/804/712 695/805/713
f 695/805/713 697/804/712 698/806/714
f 697/807/715 696/808/716 700/809/717
f 700/809/717 696/808/716 699/810/718
f 696/811/719 695/812/720 699/813/721
f 699/813/721 695/812/720 701/814/722
f 701/815/723 702/816/724 699/817/725
f 699/817/725 702/816/724 700/818/726
f 695/819/727 698/820/728 701/821/729
f 701/821/729 698/820/728 702/822/730
f 698/823/731 697/824/732 702/825/733
f 702/825/733 697/824/732 700/826/734
g Body5

v -2.000000 3.000000 2.000000
v -2.000000 3.000000 -2.000000
v -2.000000 -2.000000 -2.000000
v -2.000000 -2.000000 2.000000
v 2.000000 3.000000 2.000000
v 2.000000 -2.000000 2.000000
v 2.000000 -2.000000 -2.000000
v 2.000000 3.000000 -2.000000
vt 0.000000 0.000000 0.000000
vt 4.000000 0.000000 0.000000
vt -0.000000 5.000000 0.000000
vt 4.000000 5.000000 0.000000
vt 0.000000 0.000000 0.000000
vt 4.000000 0.000000 0.000000
vt 0.000000 5.000000 0.000000
vt 4.000000 5.000000 0.000000
vt 0.000000 0.000000 0.000000
vt 4.000000 -0.000000 0.000000
vt 0.000000 5.000000 0.000000
vt 4.000000 5.000000 0.000000
vt 4.000000 5.000000 0.000000
vt 0.000000 5.000000 0.000000
vt 4.000000 -0.000000 0.000000
vt 0.000000 0.000000 0.000000
vt -2.000000 -2.000000 0.000000
vt 2.000000 -2.000000 0.000000
vt -2.000000 2.000000 0.000000
vt 2.000000 2.000000 0.000000
vt -2.000000 -2.000000 0.000000
vt 2.000000 -2.000000 0.000000
vt -2.000000 2.000000 0.000000
vt 2.000000 2.000000 0.000000
vn -1.000000 -0.000000 0.000000
vn -1.000000 -0.000000 0.000000
vn -1.000000 -0.000000 0.000000
vn -1.000000 -0.000000 0.000000
vn 0.000000 -0.000000 1.000000
vn 0.000000 -0.000000 1.000000
vn 0.000000 -0.000000 1.000000
vn 0.000000 -0.000000 1.000000
vn 1.000000 0.000000 0.000000
vn 1.000000 0.000000 0.000000
vn 1.000000 0.000000 0.000000
vn 1.000000 0.000000 0.000000
vn 0.000000 0.000000 -1.000000
vn 0.000000 0.000000 -1.000000
vn 0.000000 0.000000 -1.000000
vn 0.000000 0.000000 -1.000000
vn 0.000000 -1.000000 -0.000000
vn 0.000000 -1.000000 -0.000000
vn 0.000000 -1.000000 -0.000000
vn 0.000000 -1.000000 -0.000000
vn -0.000000 1.000000 0.000000
vn -0.000000 1.000000 0.000000
vn -0.000000 1.000000 0.000000
vn -0.000000 1.000000 0.000000
usemtl Plastic_-_Matte_(Gray)
f 703/827/735 704/828/736 706/829/737
f 706/829/737 704/828/736 705/830/738
f 707/831/739 703/832/740 708/833/741
f 708/833/741 703/832/740 706/834/742
f 710/835/743 707/836/744 709/837/745
f 709/837/745 707/836/744 708/838/746
f 709/839/747 705/840/748 710/841/749
f 710/841/749 705/840/748 704/842/750
f 709/843/751 708/844/752 705/845/753
f 705/845/753 708/844/752 706/846/754
f 710/847/755 704/848/756 707/849/757
f 707/849/757 704/848/756 703/850/758
# 710 vertices
# 850 texture params
# 758 normals
# 1404 facets

# 4 groups
